game_id,date,season,team,home_away,opposing_team,athlete_id,display_name,position,NO,YDS,AVG,LONG,TD
401671617,2024-09-08,2024,Arizona Cardinals,away,Buffalo Bills,4037235,Greg Dortch,WR,1,6,6.0,6,0
401671617,2024-09-08,2024,Buffalo Bills,home,Arizona Cardinals,4576069,Brandon Codrington,CB,1,7,7.0,7,0
401671723,2024-09-15,2024,Green Bay Packers,home,Indianapolis Colts,4362249,Jayden Reed,WR,1,0,0.0,0,0
401671770,2024-09-08,2024,Tampa Bay Buccaneers,home,Washington Commanders,4426407,Trey Palmer,WR,1,15,15.0,15,0
401671636,2024-09-15,2024,New York Jets,away,Tennessee Titans,4427278,Xavier Gipson,WR,3,35,11.7,19,0
401671636,2024-09-15,2024,Tennessee Titans,home,New York Jets,4427575,Jha'Quan Jackson,WR,5,37,7.4,18,0
401671734,2024-09-08,2024,New Orleans Saints,home,Carolina Panthers,4032473,Rashid Shaheed,WR,3,60,20.0,47,0
401671734,2024-09-08,2024,New Orleans Saints,home,Carolina Panthers,4036335,Cedrick Wilson Jr.,WR,1,0,0.0,0,0
401671721,2024-09-15,2024,Detroit Lions,home,Tampa Bay Buccaneers,2973405,Kalif Raymond,WR,3,32,10.7,13,0
401671696,2024-09-10,2024,New York Jets,away,San Francisco 49ers,4427278,Xavier Gipson,WR,1,4,4.0,4,0
401671696,2024-09-10,2024,San Francisco 49ers,home,New York Jets,4575665,Jacob Cowing,WR,2,15,7.5,8,0
401671849,2024-09-08,2024,Jacksonville Jaguars,away,Miami Dolphins,4039050,Devin Duvernay,WR,1,3,3.0,3,0
401671849,2024-09-08,2024,Miami Dolphins,home,Jacksonville Jaguars,3116406,Tyreek Hill,WR,1,11,11.0,11,0
401671849,2024-09-08,2024,Miami Dolphins,home,Jacksonville Jaguars,3123075,Braxton Berrios,WR,2,2,1.0,7,0
401671712,2024-09-08,2024,Minnesota Vikings,away,New York Giants,3115255,Brandon Powell,WR,1,0,0.0,0,0
401671712,2024-09-08,2024,New York Giants,home,Minnesota Vikings,3916945,Darius Slayton,WR,1,0,0.0,0,0
401671664,2024-09-08,2024,Denver Broncos,away,Seattle Seahawks,4686472,Marvin Mims Jr.,WR,5,47,9.4,18,0
401671664,2024-09-08,2024,Seattle Seahawks,home,Denver Broncos,5081362,Dee Williams,CB,1,0,0.0,0,0
401671792,2024-09-09,2024,Los Angeles Rams,away,Detroit Lions,4430737,Kyren Williams,RB,1,0,0.0,0,0
401671792,2024-09-09,2024,Detroit Lions,home,Los Angeles Rams,2973405,Kalif Raymond,WR,3,18,6.0,11,0
401671659,2024-09-08,2024,Las Vegas Raiders,away,Los Angeles Chargers,4428718,Tre Tucker,WR,2,28,14.0,21,0
401671659,2024-09-08,2024,Los Angeles Chargers,home,Las Vegas Raiders,4362477,Derius Davis,WR,1,9,9.0,9,0
401671624,2024-09-15,2024,Las Vegas Raiders,away,Baltimore Ravens,4428718,Tre Tucker,WR,3,16,5.3,8,0
401671624,2024-09-15,2024,Baltimore Ravens,home,Las Vegas Raiders,4411193,Deonte Harty,WR,1,15,15.0,15,0
401671702,2024-09-15,2024,Seattle Seahawks,away,New England Patriots,5081362,Dee Williams,CB,2,38,19.0,23,0
401671702,2024-09-15,2024,New England Patriots,home,Seattle Seahawks,4241720,Marcus Jones,CB,2,24,12.0,15,0
401671652,2024-09-15,2024,Los Angeles Chargers,away,Carolina Panthers,4362477,Derius Davis,WR,1,15,15.0,15,0
401671652,2024-09-15,2024,Carolina Panthers,home,Los Angeles Chargers,4259308,Raheem Blackshear,RB,1,13,13.0,13,0
401671628,2024-09-08,2024,New England Patriots,away,Cincinnati Bengals,4241720,Marcus Jones,CB,1,10,10.0,10,0
401671628,2024-09-08,2024,Cincinnati Bengals,home,New England Patriots,4257188,Charlie Jones,WR,4,22,5.5,10,0
401671823,2024-09-22,2024,Green Bay Packers,away,Tennessee Titans,4362249,Jayden Reed,WR,2,15,7.5,12,0
401671823,2024-09-22,2024,Tennessee Titans,home,Green Bay Packers,4427575,Jha'Quan Jackson,WR,2,24,12.0,13,0
401671645,2024-09-15,2024,San Francisco 49ers,away,Minnesota Vikings,4575665,Jacob Cowing,WR,1,0,0.0,0,0
401671645,2024-09-15,2024,Minnesota Vikings,home,San Francisco 49ers,3115255,Brandon Powell,WR,1,10,10.0,10,0
401671716,2024-09-15,2024,Washington Commanders,home,New York Giants,3917914,Olamide Zaccheaus,WR,1,24,24.0,24,0
401671789,2024-09-06,2024,Baltimore Ravens,away,Kansas City Chiefs,4411193,Deonte Harty,WR,1,3,3.0,3,0
401671761,2024-09-08,2024,Dallas Cowboys,away,Cleveland Browns,3676833,KaVontae Turpin,WR,5,96,19.2,60,1
401671761,2024-09-08,2024,Cleveland Browns,home,Dallas Cowboys,4243830,Jaelon Darden,WR,5,72,14.4,28,0
401671719,2024-09-08,2024,Tennessee Titans,away,Chicago Bears,4427575,Jha'Quan Jackson,WR,4,30,7.5,12,0
401671719,2024-09-08,2024,Chicago Bears,home,Tennessee Titans,2580216,DeAndre Carter,WR,5,64,12.8,20,0
401671808,2024-09-20,2024,New England Patriots,away,New York Jets,4241720,Marcus Jones,CB,2,12,6.0,8,0
401671808,2024-09-20,2024,New York Jets,home,New England Patriots,4427278,Xavier Gipson,WR,4,27,6.8,21,0
401671668,2024-09-15,2024,Pittsburgh Steelers,away,Denver Broncos,4243389,Calvin Austin III,WR,5,27,5.4,14,0
401671668,2024-09-15,2024,Denver Broncos,home,Pittsburgh Steelers,4686472,Marvin Mims Jr.,WR,3,20,6.7,9,0
401671744,2024-09-08,2024,Pittsburgh Steelers,away,Atlanta Falcons,4243389,Calvin Austin III,WR,4,47,11.8,16,0
401671744,2024-09-08,2024,Atlanta Falcons,home,Pittsburgh Steelers,4048259,Avery Williams,CB,2,28,14.0,28,0
401671670,2024-09-15,2024,Cincinnati Bengals,away,Kansas City Chiefs,4257188,Charlie Jones,WR,1,9,9.0,9,0
401671670,2024-09-15,2024,Kansas City Chiefs,home,Cincinnati Bengals,4035004,Mecole Hardman,WR,2,13,6.5,11,0
401671855,2024-09-22,2024,New York Giants,away,Cleveland Browns,4240573,Ihmir Smith-Marsette,WR,2,19,9.5,16,0
401671855,2024-09-22,2024,Cleveland Browns,home,New York Giants,3916204,James Proche II,WR,5,38,7.6,12,0
401671736,2024-09-22,2024,Philadelphia Eagles,away,New Orleans Saints,4682618,Cooper DeJean,CB,1,6,6.0,6,0
401671736,2024-09-22,2024,New Orleans Saints,home,Philadelphia Eagles,4032473,Rashid Shaheed,WR,1,0,0.0,0,0
401671691,2024-09-17,2024,Atlanta Falcons,away,Philadelphia Eagles,4048259,Avery Williams,CB,1,11,11.0,11,0
401671691,2024-09-17,2024,Philadelphia Eagles,home,Atlanta Falcons,3926231,Britain Covey,WR,1,9,9.0,9,0
401671865,2024-09-22,2024,Chicago Bears,away,Indianapolis Colts,2580216,DeAndre Carter,WR,2,4,2.0,6,0
401671865,2024-09-22,2024,Indianapolis Colts,home,Chicago Bears,4429684,Anthony Gould,WR,1,19,19.0,19,0
401671754,2024-09-15,2024,Los Angeles Rams,away,Arizona Cardinals,4430737,Kyren Williams,RB,1,12,12.0,12,0
401671754,2024-09-15,2024,Arizona Cardinals,home,Los Angeles Rams,4037235,Greg Dortch,WR,2,30,15.0,17,0
401671741,2024-09-22,2024,Denver Broncos,away,Tampa Bay Buccaneers,4686472,Marvin Mims Jr.,WR,1,27,27.0,27,0
401671772,2024-09-22,2024,San Francisco 49ers,away,Los Angeles Rams,4575665,Jacob Cowing,WR,1,9,9.0,9,0
401671772,2024-09-22,2024,Los Angeles Rams,home,San Francisco 49ers,4386544,Xavier Smith,WR,1,38,38.0,38,0
401671763,2024-09-22,2024,Baltimore Ravens,away,Dallas Cowboys,4411193,Deonte Harty,WR,2,29,14.5,16,0
401671771,2024-09-22,2024,Detroit Lions,away,Arizona Cardinals,2973405,Kalif Raymond,WR,4,40,10.0,17,0
401671786,2024-09-16,2024,Chicago Bears,away,Houston Texans,2580216,DeAndre Carter,WR,1,1,1.0,1,0
401671786,2024-09-16,2024,Houston Texans,home,Chicago Bears,3917960,Steven Sims,WR,3,11,3.7,11,0
401671871,2024-09-29,2024,Los Angeles Rams,away,Chicago Bears,4386544,Xavier Smith,WR,1,17,17.0,17,0
401671871,2024-09-29,2024,Chicago Bears,home,Los Angeles Rams,2580216,DeAndre Carter,WR,1,16,16.0,16,0
401671812,2024-09-27,2024,New York Giants,home,Dallas Cowboys,4240573,Ihmir Smith-Marsette,WR,1,22,22.0,22,0
401671727,2024-09-29,2024,New Orleans Saints,away,Atlanta Falcons,4032473,Rashid Shaheed,WR,2,17,8.5,17,0
401671632,2024-09-22,2024,Los Angeles Chargers,away,Pittsburgh Steelers,4362477,Derius Davis,WR,1,5,5.0,5,0
401671632,2024-09-22,2024,Pittsburgh Steelers,home,Los Angeles Chargers,4243389,Calvin Austin III,WR,2,20,10.0,13,0
401671857,2024-09-29,2024,Jacksonville Jaguars,away,Houston Texans,4039050,Devin Duvernay,WR,2,2,1.0,2,0
401671857,2024-09-29,2024,Houston Texans,home,Jacksonville Jaguars,3917960,Steven Sims,WR,2,10,5.0,10,0
401671857,2024-09-29,2024,Houston Texans,home,Jacksonville Jaguars,15880,Robert Woods,WR,1,9,9.0,9,0
401671646,2024-09-22,2024,Houston Texans,away,Minnesota Vikings,3917960,Steven Sims,WR,3,5,1.7,6,0
401671646,2024-09-22,2024,Minnesota Vikings,home,Houston Texans,3115255,Brandon Powell,WR,1,10,10.0,10,0
401671662,2024-09-22,2024,Miami Dolphins,away,Seattle Seahawks,3123075,Braxton Berrios,WR,1,44,44.0,44,0
401671662,2024-09-22,2024,Seattle Seahawks,home,Miami Dolphins,5081362,Dee Williams,CB,2,19,9.5,11,0
401671755,2024-09-29,2024,Washington Commanders,away,Arizona Cardinals,3917914,Olamide Zaccheaus,WR,1,16,16.0,16,0
401671755,2024-09-29,2024,Arizona Cardinals,home,Washington Commanders,4037235,Greg Dortch,WR,1,4,4.0,4,0
401671635,2024-09-15,2024,Cleveland Browns,away,Jacksonville Jaguars,3916204,James Proche II,WR,3,25,8.3,14,0
401671635,2024-09-15,2024,Jacksonville Jaguars,home,Cleveland Browns,4039050,Devin Duvernay,WR,1,8,8.0,8,0
401671793,2024-09-23,2024,Kansas City Chiefs,away,Atlanta Falcons,4035004,Mecole Hardman,WR,1,12,12.0,12,0
401671793,2024-09-23,2024,Atlanta Falcons,home,Kansas City Chiefs,4048259,Avery Williams,CB,2,12,6.0,11,0
401671643,2024-09-29,2024,Minnesota Vikings,away,Green Bay Packers,3115255,Brandon Powell,WR,1,10,10.0,10,0
401671643,2024-09-29,2024,Minnesota Vikings,away,Green Bay Packers,4382466,Jalen Nailor,WR,1,0,0.0,0,0
401671643,2024-09-29,2024,Green Bay Packers,home,Minnesota Vikings,4259493,Keisean Nixon,CB,1,1,1.0,1,0
401671867,2024-09-29,2024,Pittsburgh Steelers,away,Indianapolis Colts,4243389,Calvin Austin III,WR,1,30,30.0,30,0
401671867,2024-09-29,2024,Indianapolis Colts,home,Pittsburgh Steelers,4688813,Josh Downs,WR,1,5,5.0,5,0
401671682,2024-09-23,2024,Buffalo Bills,home,Jacksonville Jaguars,4576069,Brandon Codrington,CB,2,41,20.5,22,0
401671622,2024-09-29,2024,Denver Broncos,away,New York Jets,4686472,Marvin Mims Jr.,WR,1,5,5.0,5,0
401671622,2024-09-29,2024,New York Jets,home,Denver Broncos,4427278,Xavier Gipson,WR,5,31,6.2,11,0
401671674,2024-09-29,2024,Kansas City Chiefs,away,Los Angeles Chargers,4035004,Mecole Hardman,WR,3,15,5.0,12,0
401671758,2024-09-29,2024,New England Patriots,away,San Francisco 49ers,4241720,Marcus Jones,CB,3,39,13.0,15,0
401671758,2024-09-29,2024,San Francisco 49ers,home,New England Patriots,16002,Kyle Juszczyk,FB,1,8,8.0,8,0
401671758,2024-09-29,2024,San Francisco 49ers,home,New England Patriots,4575665,Jacob Cowing,WR,2,8,4.0,7,0
401671658,2024-09-22,2024,Carolina Panthers,away,Las Vegas Raiders,4259308,Raheem Blackshear,RB,3,33,11.0,16,0
401671658,2024-09-22,2024,Las Vegas Raiders,home,Carolina Panthers,4428718,Tre Tucker,WR,1,0,0.0,0,0
401671740,2024-09-29,2024,Philadelphia Eagles,away,Tampa Bay Buccaneers,4432777,Jeremiah Trotter Jr.,LB,1,0,0.0,0,0
401671740,2024-09-29,2024,Philadelphia Eagles,away,Tampa Bay Buccaneers,4682618,Cooper DeJean,CB,1,0,0.0,0,0
401671740,2024-09-29,2024,Tampa Bay Buccaneers,home,Philadelphia Eagles,5097554,Kameron Johnson,WR,1,11,11.0,11,0
401671740,2024-09-29,2024,Tampa Bay Buccaneers,home,Philadelphia Eagles,4426407,Trey Palmer,WR,1,5,5.0,5,0
401671745,2024-09-29,2024,Cincinnati Bengals,away,Carolina Panthers,4257188,Charlie Jones,WR,1,3,3.0,3,0
401671745,2024-09-29,2024,Carolina Panthers,home,Cincinnati Bengals,4259308,Raheem Blackshear,RB,3,16,5.3,13,0
401671804,2024-10-06,2024,New York Jets,away,Minnesota Vikings,4427278,Xavier Gipson,WR,2,31,15.5,31,0
401671804,2024-10-06,2024,Minnesota Vikings,home,New York Jets,3115255,Brandon Powell,WR,3,6,2.0,6,0
401671633,2024-10-06,2024,Indianapolis Colts,away,Jacksonville Jaguars,4688813,Josh Downs,WR,1,11,11.0,11,0
401671633,2024-10-06,2024,Jacksonville Jaguars,home,Indianapolis Colts,4039050,Devin Duvernay,WR,3,68,22.7,53,0
401671672,2024-09-29,2024,Cleveland Browns,away,Las Vegas Raiders,3916204,James Proche II,WR,2,30,15.0,17,0
401671672,2024-09-29,2024,Las Vegas Raiders,home,Cleveland Browns,4589248,Tyreik McAllister,WR,2,24,12.0,14,0
401671747,2024-10-06,2024,Denver Broncos,home,Las Vegas Raiders,4686472,Marvin Mims Jr.,WR,2,54,27.0,38,0
401671491,2024-10-01,2024,Seattle Seahawks,away,Detroit Lions,5081362,Dee Williams,CB,2,1,0.5,1,0
401671491,2024-10-01,2024,Detroit Lions,home,Seattle Seahawks,2973405,Kalif Raymond,WR,1,6,6.0,6,0
401671783,2024-09-30,2024,Buffalo Bills,away,Baltimore Ravens,4576069,Brandon Codrington,CB,2,6,3.0,6,0
401671783,2024-09-30,2024,Baltimore Ravens,home,Buffalo Bills,4411193,Deonte Harty,WR,3,34,11.3,15,0
401671683,2024-09-30,2024,Tennessee Titans,away,Miami Dolphins,4427575,Jha'Quan Jackson,WR,3,40,13.3,17,0
401671683,2024-09-30,2024,Miami Dolphins,home,Tennessee Titans,3123075,Braxton Berrios,WR,1,27,27.0,27,0
401671859,2024-10-06,2024,Buffalo Bills,away,Houston Texans,4576069,Brandon Codrington,CB,1,5,5.0,5,0
401671859,2024-10-06,2024,Houston Texans,home,Buffalo Bills,15880,Robert Woods,WR,4,66,16.5,36,0
401671687,2024-10-08,2024,New Orleans Saints,away,Kansas City Chiefs,4032473,Rashid Shaheed,WR,1,10,10.0,10,0
401671687,2024-10-08,2024,Kansas City Chiefs,home,New Orleans Saints,4035004,Mecole Hardman,WR,4,32,8.0,13,0
401671679,2024-10-06,2024,Los Angeles Rams,home,Green Bay Packers,4386544,Xavier Smith,WR,1,0,0.0,0,0
401671756,2024-10-06,2024,Arizona Cardinals,away,San Francisco 49ers,4037235,Greg Dortch,WR,1,1,1.0,1,0
401671714,2024-10-13,2024,Cleveland Browns,away,Philadelphia Eagles,4243830,Jaelon Darden,WR,2,26,13.0,19,0
401671714,2024-10-13,2024,Philadelphia Eagles,home,Cleveland Browns,4682618,Cooper DeJean,CB,4,51,12.8,19,0
401671680,2024-10-06,2024,New York Giants,away,Seattle Seahawks,4240573,Ihmir Smith-Marsette,WR,2,6,3.0,8,0
401671680,2024-10-06,2024,Seattle Seahawks,home,New York Giants,5081362,Dee Williams,CB,1,7,7.0,7,0
401671626,2024-10-06,2024,Baltimore Ravens,away,Cincinnati Bengals,4241424,Tylan Wallace,WR,1,11,11.0,11,0
401671626,2024-10-06,2024,Cincinnati Bengals,home,Baltimore Ravens,4257188,Charlie Jones,WR,1,13,13.0,13,0
401671718,2024-10-06,2024,Cleveland Browns,away,Washington Commanders,3916204,James Proche II,WR,3,26,8.7,10,0
401671718,2024-10-06,2024,Washington Commanders,home,Cleveland Browns,3917914,Olamide Zaccheaus,WR,2,33,16.5,18,0
401671722,2024-10-13,2024,Green Bay Packers,home,Arizona Cardinals,4259493,Keisean Nixon,CB,2,39,19.5,39,0
401671722,2024-10-13,2024,Green Bay Packers,home,Arizona Cardinals,4362249,Jayden Reed,WR,1,8,8.0,8,0
401671655,2024-10-13,2024,Los Angeles Chargers,away,Denver Broncos,4362477,Derius Davis,WR,2,26,13.0,18,0
401671655,2024-10-13,2024,Denver Broncos,home,Los Angeles Chargers,4686472,Marvin Mims Jr.,WR,1,10,10.0,10,0
401671625,2024-10-13,2024,Washington Commanders,away,Baltimore Ravens,3917914,Olamide Zaccheaus,WR,1,10,10.0,10,0
401671625,2024-10-13,2024,Baltimore Ravens,home,Washington Commanders,4411193,Deonte Harty,WR,1,4,4.0,4,0
401671700,2024-10-06,2024,Miami Dolphins,away,New England Patriots,3123075,Braxton Berrios,WR,1,12,12.0,12,0
401671700,2024-10-06,2024,New England Patriots,home,Miami Dolphins,4241720,Marcus Jones,CB,1,15,15.0,15,0
401671769,2024-10-13,2024,Atlanta Falcons,away,Carolina Panthers,4429067,Clark Phillips III,CB,1,15,15.0,15,0
401671769,2024-10-13,2024,Atlanta Falcons,away,Carolina Panthers,4048259,Avery Williams,CB,2,14,7.0,14,0
401671769,2024-10-13,2024,Carolina Panthers,home,Atlanta Falcons,4259308,Raheem Blackshear,RB,1,12,12.0,12,0
401671801,2024-10-20,2024,New England Patriots,away,Jacksonville Jaguars,4241720,Marcus Jones,CB,1,8,8.0,8,0
401671801,2024-10-20,2024,Jacksonville Jaguars,home,New England Patriots,4432620,Parker Washington,WR,1,96,96.0,96,1
401671616,2024-10-20,2024,Tennessee Titans,away,Buffalo Bills,4427575,Jha'Quan Jackson,WR,2,8,4.0,8,0
401671616,2024-10-20,2024,Buffalo Bills,home,Tennessee Titans,4576069,Brandon Codrington,CB,5,56,11.2,14,0
401671819,2024-10-11,2024,San Francisco 49ers,away,Seattle Seahawks,4575665,Jacob Cowing,WR,2,11,5.5,11,0
401671802,2024-10-13,2024,Jacksonville Jaguars,away,Chicago Bears,4432620,Parker Washington,WR,2,27,13.5,14,0
401671684,2024-10-15,2024,New York Jets,home,Buffalo Bills,4427278,Xavier Gipson,WR,1,8,8.0,8,0
401671619,2024-10-13,2024,Houston Texans,away,New England Patriots,3917960,Steven Sims,WR,4,30,7.5,19,0
401671619,2024-10-13,2024,New England Patriots,home,Houston Texans,4241720,Marcus Jones,CB,2,16,8.0,16,0
401671864,2024-10-20,2024,Miami Dolphins,away,Indianapolis Colts,3123075,Braxton Berrios,WR,2,18,9.0,9,0
401671864,2024-10-20,2024,Indianapolis Colts,home,Miami Dolphins,4688813,Josh Downs,WR,2,13,6.5,13,0
401671817,2024-10-25,2024,Minnesota Vikings,away,Los Angeles Rams,3115255,Brandon Powell,WR,1,6,6.0,6,0
401671817,2024-10-25,2024,Los Angeles Rams,home,Minnesota Vikings,4386544,Xavier Smith,WR,1,4,4.0,4,0
401671663,2024-10-20,2024,Las Vegas Raiders,away,Los Angeles Rams,4036211,DJ Turner,WR,1,7,7.0,7,0
401671663,2024-10-20,2024,Los Angeles Rams,home,Las Vegas Raiders,4386544,Xavier Smith,WR,1,8,8.0,8,0
401671657,2024-10-13,2024,Las Vegas Raiders,home,Pittsburgh Steelers,2576336,Ameer Abdullah,RB,3,-1,-0.3,0,0
401671735,2024-10-13,2024,Tampa Bay Buccaneers,away,New Orleans Saints,4430834,Jalen McMillan,WR,3,12,4.0,11,0
401671735,2024-10-13,2024,New Orleans Saints,home,Tampa Bay Buccaneers,4032473,Rashid Shaheed,WR,2,56,28.0,54,1
401671695,2024-10-22,2024,Tampa Bay Buccaneers,home,Baltimore Ravens,4426407,Trey Palmer,WR,1,7,7.0,7,0
401671724,2024-10-20,2024,Detroit Lions,away,Minnesota Vikings,2973405,Kalif Raymond,WR,2,23,11.5,14,0
401671724,2024-10-20,2024,Minnesota Vikings,home,Detroit Lions,3115255,Brandon Powell,WR,2,15,7.5,10,0
401671791,2024-10-14,2024,Cincinnati Bengals,away,New York Giants,4257188,Charlie Jones,WR,3,13,4.3,14,0
401671791,2024-10-14,2024,New York Giants,home,Cincinnati Bengals,4240573,Ihmir Smith-Marsette,WR,2,1,0.5,1,0
401671730,2024-10-20,2024,Seattle Seahawks,away,Atlanta Falcons,5081362,Dee Williams,CB,1,18,18.0,18,0
401671739,2024-10-27,2024,Atlanta Falcons,away,Tampa Bay Buccaneers,4048259,Avery Williams,CB,1,14,14.0,14,0
401671739,2024-10-27,2024,Tampa Bay Buccaneers,home,Atlanta Falcons,4426407,Trey Palmer,WR,2,31,15.5,17,0
401671816,2024-10-18,2024,Denver Broncos,away,New Orleans Saints,4686472,Marvin Mims Jr.,WR,2,13,6.5,12,0
401671816,2024-10-18,2024,New Orleans Saints,home,Denver Broncos,4698301,Jermaine Jackson,WR,1,13,13.0,13,0
401671853,2024-10-20,2024,Cincinnati Bengals,away,Cleveland Browns,4257188,Charlie Jones,WR,4,39,9.8,23,0
401671853,2024-10-20,2024,Cleveland Browns,home,Cincinnati Bengals,4243830,Jaelon Darden,WR,5,43,8.6,14,0
401671618,2024-10-27,2024,New York Jets,away,New England Patriots,4427278,Xavier Gipson,WR,4,71,17.8,40,0
401671618,2024-10-27,2024,New England Patriots,home,New York Jets,4241720,Marcus Jones,CB,3,73,24.3,62,0
401671644,2024-10-20,2024,Houston Texans,away,Green Bay Packers,4366031,Tank Dell,WR,2,24,12.0,13,0
401671644,2024-10-20,2024,Houston Texans,away,Green Bay Packers,3040145,Desmond King II,CB,2,2,1.0,2,0
401671644,2024-10-20,2024,Green Bay Packers,home,Houston Texans,4259493,Keisean Nixon,CB,1,8,8.0,8,0
401671644,2024-10-20,2024,Green Bay Packers,home,Houston Texans,4362249,Jayden Reed,WR,1,5,5.0,5,0
401671644,2024-10-20,2024,Green Bay Packers,home,Houston Texans,4411769,Corey Ballentine,CB,1,0,0.0,0,0
401671671,2024-10-27,2024,Kansas City Chiefs,away,Las Vegas Raiders,4035004,Mecole Hardman,WR,1,6,6.0,6,0
401671671,2024-10-27,2024,Las Vegas Raiders,home,Kansas City Chiefs,4036211,DJ Turner,WR,1,17,17.0,17,0
401671777,2024-10-20,2024,Kansas City Chiefs,away,San Francisco 49ers,4035004,Mecole Hardman,WR,1,55,55.0,55,0
401671777,2024-10-20,2024,San Francisco 49ers,home,Kansas City Chiefs,4575665,Jacob Cowing,WR,1,11,11.0,11,0
401671785,2024-10-21,2024,New York Jets,away,Pittsburgh Steelers,4427278,Xavier Gipson,WR,2,4,2.0,4,0
401671785,2024-10-21,2024,Pittsburgh Steelers,home,New York Jets,4243389,Calvin Austin III,WR,2,9,4.5,9,0
401671599,2024-10-27,2024,Chicago Bears,away,Washington Commanders,2580216,DeAndre Carter,WR,2,11,5.5,7,0
401671599,2024-10-27,2024,Washington Commanders,home,Chicago Bears,3917914,Olamide Zaccheaus,WR,2,29,14.5,21,0
401671852,2024-10-27,2024,Baltimore Ravens,away,Cleveland Browns,4241424,Tylan Wallace,WR,1,10,10.0,10,0
401671852,2024-10-27,2024,Cleveland Browns,home,Baltimore Ravens,4243830,Jaelon Darden,WR,3,36,12.0,17,0
401671640,2024-10-20,2024,Washington Commanders,home,Carolina Panthers,3917914,Olamide Zaccheaus,WR,1,15,15.0,15,0
401671600,2024-10-27,2024,Denver Broncos,home,Carolina Panthers,4686472,Marvin Mims Jr.,WR,1,0,0.0,0,0
401671707,2024-10-27,2024,Green Bay Packers,away,Jacksonville Jaguars,4362249,Jayden Reed,WR,1,13,13.0,13,0
401671707,2024-10-27,2024,Jacksonville Jaguars,home,Green Bay Packers,4432620,Parker Washington,WR,2,17,8.5,9,0
401671856,2024-10-27,2024,Indianapolis Colts,away,Houston Texans,4688813,Josh Downs,WR,2,12,6.0,12,0
401671856,2024-10-27,2024,Houston Texans,home,Indianapolis Colts,15880,Robert Woods,WR,2,23,11.5,13,0
401671764,2024-10-13,2024,Detroit Lions,away,Dallas Cowboys,2973405,Kalif Raymond,WR,1,6,6.0,6,0
401671760,2024-10-27,2024,Buffalo Bills,away,Seattle Seahawks,4576069,Brandon Codrington,CB,3,35,11.7,12,0
401671760,2024-10-27,2024,Seattle Seahawks,home,Buffalo Bills,5081362,Dee Williams,CB,2,0,0.0,0,0
401671710,2024-10-20,2024,Philadelphia Eagles,away,New York Giants,4682618,Cooper DeJean,CB,3,45,15.0,28,0
401671710,2024-10-20,2024,New York Giants,home,Philadelphia Eagles,4240573,Ihmir Smith-Marsette,WR,5,35,7.0,14,0
401671623,2024-11-03,2024,Denver Broncos,away,Baltimore Ravens,4686472,Marvin Mims Jr.,WR,1,18,18.0,18,0
401671623,2024-11-03,2024,Baltimore Ravens,home,Denver Broncos,4241424,Tylan Wallace,WR,1,21,21.0,21,0
401671850,2024-10-27,2024,Miami Dolphins,home,Arizona Cardinals,4569603,Malik Washington,WR,2,25,12.5,19,0
401671795,2024-10-28,2024,Dallas Cowboys,away,San Francisco 49ers,3676833,KaVontae Turpin,WR,1,13,13.0,13,0
401671795,2024-10-28,2024,San Francisco 49ers,home,Dallas Cowboys,4575665,Jacob Cowing,WR,2,22,11.0,16,0
401671685,2024-10-29,2024,New York Giants,away,Pittsburgh Steelers,4240573,Ihmir Smith-Marsette,WR,1,2,2.0,2,0
401671685,2024-10-29,2024,Pittsburgh Steelers,home,New York Giants,4243389,Calvin Austin III,WR,2,73,36.5,73,1
401671750,2024-10-27,2024,New Orleans Saints,away,Los Angeles Chargers,4698301,Jermaine Jackson,WR,4,30,7.5,18,0
401671750,2024-10-27,2024,Los Angeles Chargers,home,New Orleans Saints,4612826,Ladd McConkey,WR,3,28,9.3,12,0
401671493,2024-11-03,2024,Miami Dolphins,away,Buffalo Bills,4569603,Malik Washington,WR,1,-1,-1.0,-1,0
401671493,2024-11-03,2024,Buffalo Bills,home,Miami Dolphins,4576069,Brandon Codrington,CB,1,29,29.0,29,0
401671728,2024-11-03,2024,Dallas Cowboys,away,Atlanta Falcons,3676833,KaVontae Turpin,WR,3,37,12.3,18,0
401671728,2024-11-03,2024,Atlanta Falcons,home,Dallas Cowboys,4048259,Avery Williams,CB,1,5,5.0,5,0
401671647,2024-11-04,2024,Indianapolis Colts,away,Minnesota Vikings,4688813,Josh Downs,WR,1,12,12.0,12,0
401671647,2024-11-04,2024,Minnesota Vikings,home,Indianapolis Colts,3115255,Brandon Powell,WR,1,15,15.0,15,0
401671688,2024-11-05,2024,Tampa Bay Buccaneers,away,Kansas City Chiefs,4426407,Trey Palmer,WR,2,18,9.0,10,0
401671688,2024-11-05,2024,Kansas City Chiefs,home,Tampa Bay Buccaneers,4035004,Mecole Hardman,WR,1,30,30.0,30,0
401671629,2024-11-03,2024,Los Angeles Chargers,away,Cleveland Browns,4362477,Derius Davis,WR,2,64,32.0,53,0
401671629,2024-11-03,2024,Cleveland Browns,home,Los Angeles Chargers,4243830,Jaelon Darden,WR,5,49,9.8,19,0
401671711,2024-11-03,2024,Washington Commanders,away,New York Giants,3917914,Olamide Zaccheaus,WR,1,8,8.0,8,0
401671711,2024-11-03,2024,New York Giants,home,Washington Commanders,4240573,Ihmir Smith-Marsette,WR,2,12,6.0,6,0
401671822,2024-11-03,2024,New England Patriots,away,Tennessee Titans,4241720,Marcus Jones,CB,2,69,34.5,44,0
401671822,2024-11-03,2024,Tennessee Titans,home,New England Patriots,4427575,Jha'Quan Jackson,WR,1,7,7.0,7,0
401671742,2024-11-10,2024,San Francisco 49ers,away,Tampa Bay Buccaneers,4575665,Jacob Cowing,WR,3,36,12.0,30,0
401671767,2024-11-03,2024,Green Bay Packers,home,Detroit Lions,4362249,Jayden Reed,WR,2,7,3.5,7,0
401671776,2024-11-03,2024,Los Angeles Rams,away,Seattle Seahawks,4386544,Xavier Smith,WR,4,17,4.3,8,0
401671776,2024-11-03,2024,Seattle Seahawks,home,Los Angeles Rams,5081362,Dee Williams,CB,2,13,6.5,11,0
401671720,2024-10-27,2024,Tennessee Titans,away,Detroit Lions,4427575,Jha'Quan Jackson,WR,3,24,8.0,11,0
401671720,2024-10-27,2024,Detroit Lions,home,Tennessee Titans,2973405,Kalif Raymond,WR,5,190,38.0,90,1
401671797,2024-11-03,2024,Jacksonville Jaguars,away,Philadelphia Eagles,4244856,Austin Trammell,WR,2,7,3.5,6,0
401671797,2024-11-03,2024,Jacksonville Jaguars,away,Philadelphia Eagles,4432620,Parker Washington,WR,1,4,4.0,4,0
401671641,2024-11-10,2024,Pittsburgh Steelers,away,Washington Commanders,4243389,Calvin Austin III,WR,3,20,6.7,17,0
401671641,2024-11-10,2024,Washington Commanders,home,Pittsburgh Steelers,3917914,Olamide Zaccheaus,WR,2,0,0.0,0,0
401671809,2024-11-01,2024,Houston Texans,away,New York Jets,3917960,Steven Sims,WR,1,0,0.0,0,0
401671813,,2024,Washington Commanders,away,Philadelphia Eagles,3917914,Olamide Zaccheaus,WR,2,7,3.5,4,0
401671813,,2024,Philadelphia Eagles,home,Washington Commanders,4682618,Cooper DeJean,CB,2,20,10.0,12,0
401671637,2024-11-10,2024,Denver Broncos,away,Kansas City Chiefs,4686472,Marvin Mims Jr.,WR,1,28,28.0,28,0
401671637,2024-11-10,2024,Kansas City Chiefs,home,Denver Broncos,4035004,Mecole Hardman,WR,3,28,9.3,19,0
401671782,,2024,Indianapolis Colts,away,New York Jets,4688813,Josh Downs,WR,3,37,12.3,16,0
401671782,,2024,New York Jets,home,Indianapolis Colts,4427278,Xavier Gipson,WR,3,19,6.3,10,0
401671650,2024-11-03,2024,New Orleans Saints,away,Carolina Panthers,4698301,Jermaine Jackson,WR,1,7,7.0,7,0
401671650,2024-11-03,2024,Carolina Panthers,home,New Orleans Saints,4259308,Raheem Blackshear,RB,2,24,12.0,14,0
401671803,2024-11-10,2024,New York Giants,away,Carolina Panthers,4240573,Ihmir Smith-Marsette,WR,3,17,5.7,10,0
401671803,2024-11-10,2024,Carolina Panthers,home,New York Giants,4259308,Raheem Blackshear,RB,2,13,6.5,13,0
401671803,2024-11-10,2024,Carolina Panthers,home,New York Giants,4212909,David Moore,WR,1,6,6.0,6,0
401671810,2024-11-08,2024,Cincinnati Bengals,away,Baltimore Ravens,3931391,Trenton Irwin,WR,2,-4,-2.0,0,0
401671661,2024-11-03,2024,Chicago Bears,away,Arizona Cardinals,2580216,DeAndre Carter,WR,2,13,6.5,7,0
401671661,2024-11-03,2024,Arizona Cardinals,home,Chicago Bears,4037235,Greg Dortch,WR,4,65,16.3,27,0
401671873,2024-11-10,2024,New England Patriots,away,Chicago Bears,4241720,Marcus Jones,CB,3,45,15.0,24,0
401671873,2024-11-10,2024,Chicago Bears,home,New England Patriots,2580216,DeAndre Carter,WR,1,38,38.0,38,0
401671693,2024-11-12,2024,Miami Dolphins,away,Los Angeles Rams,4569603,Malik Washington,WR,3,21,7.0,12,0
401671704,2024-11-03,2024,Las Vegas Raiders,away,Cincinnati Bengals,4036211,DJ Turner,WR,2,30,15.0,24,0
401671704,2024-11-03,2024,Cincinnati Bengals,home,Las Vegas Raiders,3931391,Trenton Irwin,WR,3,26,8.7,13,0
401671630,,2024,Baltimore Ravens,away,Pittsburgh Steelers,4241424,Tylan Wallace,WR,1,9,9.0,9,0
401671630,,2024,Pittsburgh Steelers,home,Baltimore Ravens,4243389,Calvin Austin III,WR,2,13,6.5,9,0
401671851,,2024,Miami Dolphins,home,Las Vegas Raiders,4569603,Malik Washington,WR,1,0,0.0,0,0
401671751,2024-11-10,2024,Los Angeles Chargers,home,Tennessee Titans,4362477,Derius Davis,WR,2,14,7.0,8,0
401671676,2024-11-10,2024,Philadelphia Eagles,away,Dallas Cowboys,4682618,Cooper DeJean,CB,3,43,14.3,31,0
401671642,,2024,Detroit Lions,home,Jacksonville Jaguars,2973405,Kalif Raymond,WR,3,30,10.0,15,0
401671870,2024-11-24,2024,Minnesota Vikings,away,Chicago Bears,3115255,Brandon Powell,WR,5,43,8.6,13,0
401671870,2024-11-24,2024,Chicago Bears,home,Minnesota Vikings,2580216,DeAndre Carter,WR,2,5,2.5,5,0
401671708,2024-11-10,2024,Minnesota Vikings,away,Jacksonville Jaguars,3115255,Brandon Powell,WR,1,9,9.0,9,0
401671869,,2024,Green Bay Packers,away,Chicago Bears,4362249,Jayden Reed,WR,1,16,16.0,16,0
401671863,2024-11-10,2024,Buffalo Bills,away,Indianapolis Colts,4576069,Brandon Codrington,CB,1,8,8.0,8,0
401671775,2024-11-24,2024,Arizona Cardinals,away,Seattle Seahawks,4037235,Greg Dortch,WR,1,0,0.0,0,0
401671775,2024-11-24,2024,Seattle Seahawks,home,Arizona Cardinals,5081362,Dee Williams,CB,1,9,9.0,9,0
401671824,,2024,Minnesota Vikings,away,Tennessee Titans,3115255,Brandon Powell,WR,2,17,8.5,10,0
401671824,,2024,Tennessee Titans,home,Minnesota Vikings,4427575,Jha'Quan Jackson,WR,2,26,13.0,20,0
401671675,,2024,Cincinnati Bengals,away,Los Angeles Chargers,3931391,Trenton Irwin,WR,3,34,11.3,17,0
401671675,,2024,Los Angeles Chargers,home,Cincinnati Bengals,4362477,Derius Davis,WR,3,38,12.7,25,0
401671638,2024-11-24,2024,Tampa Bay Buccaneers,away,New York Giants,4426407,Trey Palmer,WR,1,15,15.0,15,0
401671638,2024-11-24,2024,New York Giants,home,Tampa Bay Buccaneers,4240573,Ihmir Smith-Marsette,WR,1,8,8.0,8,0
401671656,2024-11-24,2024,Denver Broncos,away,Las Vegas Raiders,4686472,Marvin Mims Jr.,WR,1,22,22.0,22,0
401671656,2024-11-24,2024,Las Vegas Raiders,home,Denver Broncos,4036211,DJ Turner,WR,2,14,7.0,8,0
401671866,2024-11-24,2024,Detroit Lions,away,Indianapolis Colts,2973405,Kalif Raymond,WR,2,30,15.0,16,0
401671866,2024-11-24,2024,Detroit Lions,away,Indianapolis Colts,4374302,Amon-Ra St. Brown,WR,2,15,7.5,8,0
401671866,2024-11-24,2024,Indianapolis Colts,home,Detroit Lions,4688813,Josh Downs,WR,2,4,2.0,6,0
401671733,2024-11-10,2024,Atlanta Falcons,away,New Orleans Saints,4048259,Avery Williams,CB,1,8,8.0,8,0
401671733,2024-11-10,2024,New Orleans Saints,home,Atlanta Falcons,4698301,Jermaine Jackson,WR,1,18,18.0,18,0
401671847,2024-11-24,2024,New England Patriots,away,Miami Dolphins,4241720,Marcus Jones,CB,3,38,12.7,20,0
401671847,2024-11-24,2024,Miami Dolphins,home,New England Patriots,4569603,Malik Washington,WR,2,15,7.5,13,0
401671798,2024-11-29,2024,Miami Dolphins,away,Green Bay Packers,4569603,Malik Washington,WR,2,5,2.5,5,0
401671689,2024-11-26,2024,Los Angeles Chargers,home,Baltimore Ravens,4362477,Derius Davis,WR,1,19,19.0,19,0
401671746,,2024,New Orleans Saints,home,Cleveland Browns,3127306,Dante Pettis,WR,2,54,27.0,53,0
401671794,2024-11-25,2024,Philadelphia Eagles,away,Los Angeles Rams,3926231,Britain Covey,WR,1,8,8.0,8,0
401671794,2024-11-25,2024,Los Angeles Rams,home,Philadelphia Eagles,4386544,Xavier Smith,WR,1,11,11.0,11,0
401671787,2024-11-11,2024,Detroit Lions,away,Houston Texans,2973405,Kalif Raymond,WR,3,15,5.0,14,0
401671787,2024-11-11,2024,Houston Texans,home,Detroit Lions,3917960,Steven Sims,WR,3,43,14.3,17,0
401671748,,2024,Atlanta Falcons,away,Denver Broncos,4048259,Avery Williams,CB,2,22,11.0,12,0
401671748,,2024,Denver Broncos,home,Atlanta Falcons,4686472,Marvin Mims Jr.,WR,3,57,19.0,37,0
401671715,2024-11-24,2024,Dallas Cowboys,away,Washington Commanders,3676833,KaVontae Turpin,WR,1,-2,-2.0,-2,0
401671715,2024-11-24,2024,Washington Commanders,home,Dallas Cowboys,3917914,Olamide Zaccheaus,WR,1,19,19.0,19,0
401671651,2024-11-24,2024,Kansas City Chiefs,away,Carolina Panthers,4035004,Mecole Hardman,WR,2,-4,-2.0,0,0
401671651,2024-11-24,2024,Carolina Panthers,home,Kansas City Chiefs,4259308,Raheem Blackshear,RB,1,10,10.0,10,0
401671757,,2024,San Francisco 49ers,home,Seattle Seahawks,4575665,Jacob Cowing,WR,1,12,12.0,12,0
401671705,2024-12-01,2024,Houston Texans,away,Jacksonville Jaguars,4366031,Tank Dell,WR,1,14,14.0,14,0
401671705,2024-12-01,2024,Houston Texans,away,Jacksonville Jaguars,15880,Robert Woods,WR,2,13,6.5,10,0
401671705,2024-12-01,2024,Jacksonville Jaguars,home,Houston Texans,4039050,Devin Duvernay,WR,1,5,5.0,5,0
401671492,2024-11-28,2024,Detroit Lions,home,Chicago Bears,3914307,Maurice Alexander,WR,4,42,10.5,23,0
401671779,2024-11-28,2024,New York Giants,away,Dallas Cowboys,4240573,Ihmir Smith-Marsette,WR,2,29,14.5,22,0
401671779,2024-11-28,2024,Dallas Cowboys,home,New York Giants,3676833,KaVontae Turpin,WR,2,-3,-1.5,0,0
401671665,,2024,Kansas City Chiefs,away,Buffalo Bills,4035004,Mecole Hardman,WR,1,8,8.0,8,0
401671665,,2024,Buffalo Bills,home,Kansas City Chiefs,4576069,Brandon Codrington,CB,4,56,14.0,25,0
401671649,2024-12-01,2024,Atlanta Falcons,home,Los Angeles Chargers,4048259,Avery Williams,CB,2,10,5.0,10,0
401671753,2024-12-01,2024,Los Angeles Rams,away,New Orleans Saints,4386544,Xavier Smith,WR,1,0,0.0,0,0
401671806,2024-11-29,2024,Las Vegas Raiders,away,Kansas City Chiefs,2576336,Ameer Abdullah,RB,2,30,15.0,18,0
401671806,2024-11-29,2024,Las Vegas Raiders,away,Kansas City Chiefs,4036211,DJ Turner,WR,1,9,9.0,9,0
401671806,2024-11-29,2024,Kansas City Chiefs,home,Las Vegas Raiders,4035004,Mecole Hardman,WR,1,8,8.0,8,0
401671768,2024-11-24,2024,San Francisco 49ers,away,Green Bay Packers,4428209,Ricky Pearsall,WR,3,41,13.7,20,0
401671768,2024-11-24,2024,Green Bay Packers,home,San Francisco 49ers,4362249,Jayden Reed,WR,2,20,10.0,13,0
401671726,2024-12-01,2024,Arizona Cardinals,away,Minnesota Vikings,4037235,Greg Dortch,WR,2,10,5.0,7,0
401671620,2024-12-01,2024,Indianapolis Colts,away,New England Patriots,4429684,Anthony Gould,WR,1,3,3.0,3,0
401671620,2024-12-01,2024,New England Patriots,home,Indianapolis Colts,4241720,Marcus Jones,CB,2,31,15.5,19,0
401671848,2024-12-08,2024,New York Jets,away,Miami Dolphins,4427278,Xavier Gipson,WR,2,0,0.0,0,0
401671848,2024-12-08,2024,Miami Dolphins,home,New York Jets,4569603,Malik Washington,WR,1,10,10.0,10,0
401671703,2024-12-01,2024,Seattle Seahawks,away,New York Jets,5081362,Dee Williams,CB,1,6,6.0,6,0
401671703,2024-12-01,2024,New York Jets,home,Seattle Seahawks,4427278,Xavier Gipson,WR,1,0,0.0,0,0
401671666,2024-12-01,2024,Philadelphia Eagles,away,Baltimore Ravens,3926231,Britain Covey,WR,4,29,7.3,10,0
401671666,2024-12-01,2024,Baltimore Ravens,home,Philadelphia Eagles,4241424,Tylan Wallace,WR,2,16,8.0,11,0
401671858,2024-11-24,2024,Tennessee Titans,away,Houston Texans,4427575,Jha'Quan Jackson,WR,3,2,0.7,2,0
401671858,2024-11-24,2024,Houston Texans,home,Tennessee Titans,15880,Robert Woods,WR,5,24,4.8,16,0
401671648,2024-12-08,2024,Atlanta Falcons,away,Minnesota Vikings,4048259,Avery Williams,CB,1,11,11.0,11,0
401671743,2024-12-01,2024,Tennessee Titans,away,Washington Commanders,4427575,Jha'Quan Jackson,WR,1,8,8.0,8,0
401671743,2024-12-01,2024,Washington Commanders,home,Tennessee Titans,3917914,Olamide Zaccheaus,WR,3,18,6.0,11,0
401671773,2024-12-08,2024,Los Angeles Rams,home,Buffalo Bills,4386544,Xavier Smith,WR,1,8,8.0,8,0
401671781,2024-12-02,2024,San Francisco 49ers,away,Buffalo Bills,4575665,Jacob Cowing,WR,2,25,12.5,13,0
401671781,2024-12-02,2024,Buffalo Bills,home,San Francisco 49ers,4576069,Brandon Codrington,CB,2,18,9.0,10,0
401671737,2024-12-15,2024,Washington Commanders,away,New Orleans Saints,2576716,Jamison Crowder,WR,2,12,6.0,10,0
401671737,2024-12-15,2024,New Orleans Saints,home,Washington Commanders,3127306,Dante Pettis,WR,3,6,2.0,5,0
401671601,2024-12-08,2024,New York Giants,home,New Orleans Saints,4240573,Ihmir Smith-Marsette,WR,5,46,9.2,15,0
401671631,2024-12-08,2024,Cleveland Browns,away,Pittsburgh Steelers,4240600,Kadarius Toney,WR,4,44,11.0,19,0
401671631,2024-12-08,2024,Pittsburgh Steelers,home,Cleveland Browns,4243389,Calvin Austin III,WR,2,20,10.0,11,0
401671821,2024-12-08,2024,Jacksonville Jaguars,away,Tennessee Titans,4039050,Devin Duvernay,WR,2,8,4.0,8,0
401671821,2024-12-08,2024,Tennessee Titans,home,Jacksonville Jaguars,4057082,Mason Kinsey,WR,1,6,6.0,6,0
401671752,2024-12-01,2024,Carolina Panthers,home,Tampa Bay Buccaneers,4212909,David Moore,WR,1,7,7.0,7,0
401671752,2024-12-01,2024,Carolina Panthers,home,Tampa Bay Buccaneers,4259308,Raheem Blackshear,RB,1,3,3.0,3,0
401671686,2024-12-03,2024,Cleveland Browns,away,Denver Broncos,4243830,Jaelon Darden,WR,2,8,4.0,8,0
401671686,2024-12-03,2024,Denver Broncos,home,Cleveland Browns,4686472,Marvin Mims Jr.,WR,1,10,10.0,10,0
401671774,2024-12-08,2024,Chicago Bears,away,San Francisco 49ers,4240459,Josh Blackwell,CB,1,14,14.0,14,0
401671774,2024-12-08,2024,San Francisco 49ers,home,Chicago Bears,4575665,Jacob Cowing,WR,4,22,5.5,8,0
401671669,2024-12-15,2024,Indianapolis Colts,away,Denver Broncos,4429684,Anthony Gould,WR,2,36,18.0,36,0
401671669,2024-12-15,2024,Denver Broncos,home,Indianapolis Colts,4686472,Marvin Mims Jr.,WR,3,97,32.3,61,0
401671766,2024-12-15,2024,Philadelphia Eagles,home,Pittsburgh Steelers,4682618,Cooper DeJean,CB,3,29,9.7,23,0
401671731,2024-12-15,2024,Dallas Cowboys,away,Carolina Panthers,3676833,KaVontae Turpin,WR,2,5,2.5,3,0
401671731,2024-12-15,2024,Carolina Panthers,home,Dallas Cowboys,4374187,Deven Thompkins,WR,2,0,0.0,0,0
401671818,2024-12-13,2024,Los Angeles Rams,away,San Francisco 49ers,4386544,Xavier Smith,WR,1,10,10.0,10,0
401671818,2024-12-13,2024,San Francisco 49ers,home,Los Angeles Rams,4575665,Jacob Cowing,WR,5,51,10.2,17,0
401671690,2024-12-10,2024,Cincinnati Bengals,away,Dallas Cowboys,4569371,Isaiah Williams,WR,4,25,6.3,12,0
401671690,2024-12-10,2024,Dallas Cowboys,home,Cincinnati Bengals,3676833,KaVontae Turpin,WR,1,20,20.0,20,0
401671690,2024-12-10,2024,Dallas Cowboys,home,Cincinnati Bengals,3116175,Amani Oruwariye,CB,1,0,0.0,0,0
401671654,2024-12-08,2024,Las Vegas Raiders,away,Tampa Bay Buccaneers,2576336,Ameer Abdullah,RB,2,30,15.0,16,0
401671654,2024-12-08,2024,Tampa Bay Buccaneers,home,Las Vegas Raiders,4426407,Trey Palmer,WR,1,3,3.0,3,0
401671762,2024-12-15,2024,Tampa Bay Buccaneers,away,Los Angeles Chargers,4426407,Trey Palmer,WR,1,10,10.0,10,0
401671660,2024-12-08,2024,Seattle Seahawks,away,Arizona Cardinals,4243830,Jaelon Darden,WR,1,14,14.0,14,0
401671660,2024-12-08,2024,Arizona Cardinals,home,Seattle Seahawks,4037235,Greg Dortch,WR,2,21,10.5,13,0
401671713,2024-12-08,2024,Carolina Panthers,away,Philadelphia Eagles,4374187,Deven Thompkins,WR,1,15,15.0,15,0
401671713,2024-12-08,2024,Carolina Panthers,away,Philadelphia Eagles,4259308,Raheem Blackshear,RB,1,1,1.0,1,0
401671713,2024-12-08,2024,Philadelphia Eagles,home,Carolina Panthers,4682618,Cooper DeJean,CB,1,2,2.0,2,0
401671788,2024-12-09,2024,Los Angeles Chargers,away,Kansas City Chiefs,4362477,Derius Davis,WR,1,0,0.0,0,0
401671788,2024-12-09,2024,Kansas City Chiefs,home,Los Angeles Chargers,4372716,Nikko Remigio,WR,3,34,11.3,21,0
401671778,2024-12-21,2024,Baltimore Ravens,home,Pittsburgh Steelers,3040145,Desmond King II,CB,2,16,8.0,16,0
401671706,2024-12-15,2024,Jacksonville Jaguars,home,New York Jets,4039050,Devin Duvernay,WR,2,12,6.0,13,0
401671796,2024-12-16,2024,Green Bay Packers,away,Seattle Seahawks,4362249,Jayden Reed,WR,2,10,5.0,10,0
401671796,2024-12-16,2024,Seattle Seahawks,home,Green Bay Packers,4243830,Jaelon Darden,WR,2,12,6.0,12,0
401671811,2024-12-22,2024,Cleveland Browns,away,Cincinnati Bengals,3916204,James Proche II,WR,2,30,15.0,18,0
401671811,2024-12-22,2024,Cincinnati Bengals,home,Cleveland Browns,4569371,Isaiah Williams,WR,3,25,8.3,13,0
401671639,2024-12-15,2024,Baltimore Ravens,away,New York Giants,3040145,Desmond King II,CB,1,22,22.0,22,0
401671681,2024-12-15,2024,Buffalo Bills,away,Detroit Lions,4576069,Brandon Codrington,CB,3,20,6.7,17,0
401671673,2024-12-22,2024,Jacksonville Jaguars,away,Las Vegas Raiders,4039050,Devin Duvernay,WR,4,37,9.3,26,0
401671673,2024-12-22,2024,Las Vegas Raiders,home,Jacksonville Jaguars,2576336,Ameer Abdullah,RB,2,28,14.0,19,0
401671697,2024-12-17,2024,Atlanta Falcons,away,Las Vegas Raiders,4048259,Avery Williams,CB,1,12,12.0,12,0
401671862,2024-12-22,2024,Tennessee Titans,away,Indianapolis Colts,4057082,Mason Kinsey,WR,3,23,7.7,9,0
401671862,2024-12-22,2024,Indianapolis Colts,home,Tennessee Titans,4429684,Anthony Gould,WR,2,18,9.0,14,0
401671717,2024-12-22,2024,Philadelphia Eagles,away,Washington Commanders,4682618,Cooper DeJean,CB,1,0,0.0,0,0
401671717,2024-12-22,2024,Washington Commanders,home,Philadelphia Eagles,2576716,Jamison Crowder,WR,1,5,5.0,5,0
401671790,2024-12-23,2024,Tampa Bay Buccaneers,away,Dallas Cowboys,4426407,Trey Palmer,WR,4,31,7.8,16,0
401671790,2024-12-23,2024,Dallas Cowboys,home,Tampa Bay Buccaneers,3676833,KaVontae Turpin,WR,2,20,10.0,18,0
401671677,2024-12-15,2024,New England Patriots,away,Arizona Cardinals,4241720,Marcus Jones,CB,1,6,6.0,6,0
401671677,2024-12-15,2024,Arizona Cardinals,home,New England Patriots,4037235,Greg Dortch,WR,2,13,6.5,9,0
401671621,2024-12-22,2024,New York Jets,home,Los Angeles Rams,4427278,Xavier Gipson,WR,1,0,0.0,0,0
401671854,2024-12-15,2024,Kansas City Chiefs,away,Cleveland Browns,4372716,Nikko Remigio,WR,3,23,7.7,16,0
401671854,2024-12-15,2024,Cleveland Browns,home,Kansas City Chiefs,3916204,James Proche II,WR,3,14,4.7,9,0
401671732,2024-12-22,2024,Arizona Cardinals,away,Carolina Panthers,4037235,Greg Dortch,WR,1,13,13.0,13,0
401671732,2024-12-22,2024,Carolina Panthers,home,Arizona Cardinals,4374187,Deven Thompkins,WR,2,4,2.0,2,0
401671874,2024-12-22,2024,San Francisco 49ers,away,Miami Dolphins,4575665,Jacob Cowing,WR,1,8,8.0,8,0
401671874,2024-12-22,2024,Miami Dolphins,home,San Francisco 49ers,4569603,Malik Washington,WR,2,15,7.5,8,0
401671729,2024-12-22,2024,New York Giants,away,Atlanta Falcons,4240573,Ihmir Smith-Marsette,WR,1,6,6.0,6,0
401671729,2024-12-22,2024,Atlanta Falcons,home,New York Giants,4048259,Avery Williams,CB,1,6,6.0,6,0
401671868,2024-12-22,2024,Detroit Lions,away,Chicago Bears,3126997,Tom Kennedy,WR,1,9,9.0,9,0
401671868,2024-12-22,2024,Chicago Bears,home,Detroit Lions,4240459,Josh Blackwell,CB,1,9,9.0,9,0
401671829,2024-12-29,2024,Arizona Cardinals,away,Los Angeles Rams,4037235,Greg Dortch,WR,2,15,7.5,15,0
401671829,2024-12-29,2024,Los Angeles Rams,home,Arizona Cardinals,4386544,Xavier Smith,WR,1,6,6.0,6,0
401671800,2024-12-25,2024,Baltimore Ravens,away,Houston Texans,3917960,Steven Sims,WR,2,7,3.5,5,0
401671634,2024-12-29,2024,Tennessee Titans,away,Jacksonville Jaguars,4057082,Mason Kinsey,WR,1,9,9.0,9,0
401671634,2024-12-29,2024,Jacksonville Jaguars,home,Tennessee Titans,4039050,Devin Duvernay,WR,1,9,9.0,9,0
401671860,2024-12-15,2024,Miami Dolphins,away,Houston Texans,4569603,Malik Washington,WR,2,24,12.0,16,0
401671860,2024-12-15,2024,Houston Texans,home,Miami Dolphins,4366031,Tank Dell,WR,3,45,15.0,23,0
401671846,2024-12-29,2024,Indianapolis Colts,away,New York Giants,4429684,Anthony Gould,WR,1,7,7.0,7,0
401671494,2024-12-22,2024,New England Patriots,away,Buffalo Bills,2977800,Alex Erickson,WR,1,0,0.0,0,0
401671825,2024-12-15,2024,Cincinnati Bengals,away,Tennessee Titans,4569371,Isaiah Williams,WR,1,15,15.0,15,0
401671489,2024-12-17,2024,Chicago Bears,away,Minnesota Vikings,4240459,Josh Blackwell,CB,2,8,4.0,5,0
401671489,2024-12-17,2024,Minnesota Vikings,home,Chicago Bears,3115255,Brandon Powell,WR,1,11,11.0,11,0
401671749,2024-12-20,2024,Los Angeles Chargers,home,Denver Broncos,4362477,Derius Davis,WR,1,17,17.0,17,0
401671759,2024-12-22,2024,Seattle Seahawks,home,Minnesota Vikings,4243830,Jaelon Darden,WR,4,32,8.0,15,0
401671725,2024-12-29,2024,Minnesota Vikings,home,Green Bay Packers,3115255,Brandon Powell,WR,1,0,0.0,0,0
401671842,2024-12-30,2024,Atlanta Falcons,away,Washington Commanders,4048259,Avery Williams,CB,2,23,11.5,13,0
401671842,2024-12-30,2024,Washington Commanders,home,Atlanta Falcons,2576716,Jamison Crowder,WR,2,41,20.5,22,0
401671836,2025-01-05,2024,Cincinnati Bengals,away,Pittsburgh Steelers,4569371,Isaiah Williams,WR,2,24,12.0,18,0
401671836,2025-01-05,2024,Cincinnati Bengals,away,Pittsburgh Steelers,4362502,DJ Ivey,CB,1,0,0.0,0,0
401671836,2025-01-05,2024,Pittsburgh Steelers,home,Cincinnati Bengals,4243389,Calvin Austin III,WR,3,16,5.3,7,0
401671837,2025-01-05,2024,Jacksonville Jaguars,away,Indianapolis Colts,4039050,Devin Duvernay,WR,2,15,7.5,8,0
401671837,2025-01-05,2024,Indianapolis Colts,home,Jacksonville Jaguars,4429684,Anthony Gould,WR,3,12,4.0,7,0
401671780,2024-12-21,2024,Houston Texans,away,Kansas City Chiefs,4366031,Tank Dell,WR,1,12,12.0,12,0
401671780,2024-12-21,2024,Kansas City Chiefs,home,Houston Texans,4372716,Nikko Remigio,WR,1,9,9.0,9,0
401671876,2024-12-27,2024,Seattle Seahawks,away,Chicago Bears,4243830,Jaelon Darden,WR,2,0,0.0,0,0
401671876,2024-12-27,2024,Chicago Bears,home,Seattle Seahawks,4240459,Josh Blackwell,CB,2,21,10.5,14,0
401671832,2024-12-28,2024,Los Angeles Chargers,away,New England Patriots,4362477,Derius Davis,WR,2,18,9.0,13,0
401671832,2024-12-28,2024,New England Patriots,home,Los Angeles Chargers,2977800,Alex Erickson,WR,1,15,15.0,15,0
401671843,2025-01-06,2024,Minnesota Vikings,away,Detroit Lions,3115255,Brandon Powell,WR,2,12,6.0,6,0
401671843,2025-01-06,2024,Detroit Lions,home,Minnesota Vikings,2973405,Kalif Raymond,WR,3,23,7.7,14,0
401671799,2024-12-25,2024,Kansas City Chiefs,away,Pittsburgh Steelers,4372716,Nikko Remigio,WR,3,34,11.3,25,0
401671799,2024-12-25,2024,Pittsburgh Steelers,home,Kansas City Chiefs,4243389,Calvin Austin III,WR,2,14,7.0,14,0
401671653,2024-12-29,2024,Tampa Bay Buccaneers,home,Carolina Panthers,4426407,Trey Palmer,WR,2,1,0.5,2,0
401671840,2025-01-05,2024,Washington Commanders,away,Dallas Cowboys,2576716,Jamison Crowder,WR,3,23,7.7,23,0
401671840,2025-01-05,2024,Dallas Cowboys,home,Washington Commanders,3676833,KaVontae Turpin,WR,1,1,1.0,1,0
401671877,2024-12-29,2024,Miami Dolphins,away,Cleveland Browns,4569603,Malik Washington,WR,2,20,10.0,16,0
401671877,2024-12-29,2024,Miami Dolphins,away,Cleveland Browns,3116406,Tyreek Hill,WR,1,18,18.0,18,0
401671877,2024-12-29,2024,Cleveland Browns,home,Miami Dolphins,3916204,James Proche II,WR,1,9,9.0,9,0
401671839,2025-01-05,2024,Los Angeles Chargers,away,Las Vegas Raiders,4362477,Derius Davis,WR,2,10,5.0,10,0
401671881,2025-01-12,2024,Denver Broncos,away,Buffalo Bills,4686472,Marvin Mims Jr.,WR,1,0,0.0,0,0
401671881,2025-01-12,2024,Buffalo Bills,home,Denver Broncos,4373678,Khalil Shakir,WR,2,30,15.0,23,0
401671878,2025-01-11,2024,Houston Texans,home,Los Angeles Chargers,15880,Robert Woods,WR,1,10,10.0,10,0
401671879,2025-01-12,2024,Pittsburgh Steelers,away,Baltimore Ravens,4243389,Calvin Austin III,WR,1,14,14.0,14,0
401671879,2025-01-12,2024,Baltimore Ravens,home,Pittsburgh Steelers,3917960,Steven Sims,WR,1,4,4.0,4,0
401671828,2025-01-05,2024,New Orleans Saints,away,Tampa Bay Buccaneers,3127306,Dante Pettis,WR,1,9,9.0,9,0
401671828,2025-01-05,2024,Tampa Bay Buccaneers,home,New Orleans Saints,4426407,Trey Palmer,WR,1,0,0.0,0,0
401671880,2025-01-12,2024,Green Bay Packers,away,Philadelphia Eagles,4362249,Jayden Reed,WR,2,26,13.0,20,0
401671880,2025-01-12,2024,Philadelphia Eagles,home,Green Bay Packers,4682618,Cooper DeJean,CB,2,11,5.5,11,0
401671495,2024-12-29,2024,New York Jets,away,Buffalo Bills,4427278,Xavier Gipson,WR,2,25,12.5,13,0
401671495,2024-12-29,2024,Buffalo Bills,home,New York Jets,4576069,Brandon Codrington,CB,2,32,16.0,25,0
401671738,2024-12-29,2024,Las Vegas Raiders,away,New Orleans Saints,4428718,Tre Tucker,WR,2,28,14.0,17,0
401671738,2024-12-29,2024,Las Vegas Raiders,away,New Orleans Saints,2576336,Ameer Abdullah,RB,1,4,4.0,4,0
401671738,2024-12-29,2024,New Orleans Saints,home,Las Vegas Raiders,3127306,Dante Pettis,WR,1,21,21.0,21,0
401671886,2025-01-19,2024,Baltimore Ravens,away,Buffalo Bills,3917960,Steven Sims,WR,1,16,16.0,16,0
401671833,2025-01-05,2024,Miami Dolphins,away,New York Jets,3116406,Tyreek Hill,WR,1,2,2.0,2,0
401671833,2025-01-05,2024,New York Jets,home,Miami Dolphins,4427278,Xavier Gipson,WR,2,11,5.5,11,0
401671888,2025-01-26,2024,Philadelphia Eagles,home,Washington Commanders,4682618,Cooper DeJean,CB,1,10,10.0,10,0
401671887,2025-01-26,2024,Buffalo Bills,away,Kansas City Chiefs,4373678,Khalil Shakir,WR,1,6,6.0,6,0
401671887,2025-01-26,2024,Kansas City Chiefs,home,Buffalo Bills,4372716,Nikko Remigio,WR,1,41,41.0,41,0
401671883,2025-01-13,2024,Washington Commanders,away,Tampa Bay Buccaneers,2576716,Jamison Crowder,WR,1,17,17.0,17,0
401671844,2025-01-05,2024,Chicago Bears,away,Green Bay Packers,4240459,Josh Blackwell,CB,1,94,94.0,94,1
401671844,2025-01-05,2024,Green Bay Packers,home,Chicago Bears,4362249,Jayden Reed,WR,1,16,16.0,16,0
401671765,2024-12-29,2024,Philadelphia Eagles,home,Dallas Cowboys,4682618,Cooper DeJean,CB,2,15,7.5,14,0
401671827,2025-01-05,2024,Atlanta Falcons,home,Carolina Panthers,4048259,Avery Williams,CB,1,9,9.0,9,0
401671882,2025-01-14,2024,Minnesota Vikings,away,Los Angeles Rams,3115255,Brandon Powell,WR,1,0,0.0,0,0
401671882,2025-01-14,2024,Los Angeles Rams,home,Minnesota Vikings,4386544,Xavier Smith,WR,1,8,8.0,8,0
401671830,2025-01-05,2024,Seattle Seahawks,away,Los Angeles Rams,4243830,Jaelon Darden,WR,1,17,17.0,17,0
401671830,2025-01-05,2024,Los Angeles Rams,home,Seattle Seahawks,4386544,Xavier Smith,WR,2,30,15.0,17,0
401671937,2025-01-19,2024,Los Angeles Rams,away,Philadelphia Eagles,4386544,Xavier Smith,WR,2,21,10.5,18,0
401671937,2025-01-19,2024,Philadelphia Eagles,home,Los Angeles Rams,4682618,Cooper DeJean,CB,3,5,1.7,5,0
401671834,2025-01-04,2024,Baltimore Ravens,home,Cleveland Browns,3917960,Steven Sims,WR,3,16,5.3,8,0
401671889,2025-02-09,2024,Kansas City Chiefs,away,Philadelphia Eagles,4372716,Nikko Remigio,WR,1,5,5.0,5,0
401671889,2025-02-09,2024,Philadelphia Eagles,home,Kansas City Chiefs,4682618,Cooper DeJean,CB,3,27,9.0,13,0
401671884,2025-01-18,2024,Kansas City Chiefs,home,Houston Texans,4372716,Nikko Remigio,WR,1,11,11.0,11,0
401671826,2025-01-05,2024,Houston Texans,away,Tennessee Titans,15880,Robert Woods,WR,1,9,9.0,9,0
401671826,2025-01-05,2024,Houston Texans,away,Tennessee Titans,3932905,Diontae Johnson,WR,1,0,0.0,0,0
401671826,2025-01-05,2024,Tennessee Titans,home,Houston Texans,4057082,Mason Kinsey,WR,1,0,0.0,0,0
401671838,2025-01-05,2024,Kansas City Chiefs,away,Denver Broncos,4372716,Nikko Remigio,WR,1,4,4.0,4,0
401671845,2025-01-05,2024,San Francisco 49ers,away,Arizona Cardinals,4575665,Jacob Cowing,WR,1,15,15.0,15,0
401671845,2025-01-05,2024,Arizona Cardinals,home,San Francisco 49ers,4037235,Greg Dortch,WR,2,24,12.0,17,0
401671841,2025-01-05,2024,New York Giants,away,Philadelphia Eagles,4240573,Ihmir Smith-Marsette,WR,2,25,12.5,25,0
401671831,2025-01-05,2024,New England Patriots,home,Buffalo Bills,2977800,Alex Erickson,WR,2,26,13.0,26,0
401772827,2025-09-07,2025,New York Giants,away,Washington Commanders,4424106,Gunner Olszewski,WR,3,24,8.0,11,0
401772827,2025-09-07,2025,Washington Commanders,home,New York Giants,4602667,Jaylin Lane,WR,2,0,0.0,0,0
401772718,2025-09-07,2025,Arizona Cardinals,away,New Orleans Saints,4037235,Greg Dortch,WR,3,30,10.0,23,0
401772718,2025-09-07,2025,New Orleans Saints,home,Arizona Cardinals,4032473,Rashid Shaheed,WR,2,18,9.0,11,0
401772722,2025-09-07,2025,Detroit Lions,away,Green Bay Packers,2973405,Kalif Raymond,WR,2,19,9.5,14,0
401772722,2025-09-07,2025,Green Bay Packers,home,Detroit Lions,4362249,Jayden Reed,WR,2,21,10.5,20,0
401772722,2025-09-07,2025,Green Bay Packers,home,Detroit Lions,4701936,Matthew Golden,WR,1,11,11.0,11,0
401772936,2025-09-12,2025,Washington Commanders,away,Green Bay Packers,4602667,Jaylin Lane,WR,3,50,16.7,24,0
401772936,2025-09-12,2025,Green Bay Packers,home,Washington Commanders,4259493,Keisean Nixon,CB,2,3,1.5,3,0
401772936,2025-09-12,2025,Green Bay Packers,home,Washington Commanders,4701936,Matthew Golden,WR,1,-2,-2.0,-2,0
401772723,2025-09-07,2025,Houston Texans,away,Los Angeles Rams,4586312,Jaylin Noel,WR,2,20,10.0,10,0
401772723,2025-09-07,2025,Los Angeles Rams,home,Houston Texans,4386544,Xavier Smith,WR,2,21,10.5,16,0
401772831,2025-09-07,2025,San Francisco 49ers,away,Seattle Seahawks,4430191,Skyy Moore,WR,4,39,9.8,18,0
401772831,2025-09-07,2025,Seattle Seahawks,home,San Francisco 49ers,4597703,Tory Horton,WR,1,12,12.0,12,0
401772714,2025-09-06,2025,Kansas City Chiefs,away,Los Angeles Chargers,4372716,Nikko Remigio,WR,2,7,3.5,8,0
401772721,2025-09-07,2025,New York Jets,home,Pittsburgh Steelers,4427278,Xavier Gipson,WR,2,19,9.5,19,0
401772836,2025-09-14,2025,Seattle Seahawks,away,Pittsburgh Steelers,4597703,Tory Horton,WR,2,30,15.0,22,0
401772828,2025-09-07,2025,Carolina Panthers,away,Jacksonville Jaguars,4212909,David Moore,WR,1,0,0.0,0,0
401772828,2025-09-07,2025,Carolina Panthers,away,Jacksonville Jaguars,4685350,Trevor Etienne,RB,1,0,0.0,0,0
401772828,2025-09-07,2025,Jacksonville Jaguars,home,Carolina Panthers,4432620,Parker Washington,WR,1,7,7.0,7,0
401772833,2025-09-14,2025,San Francisco 49ers,away,New Orleans Saints,4430191,Skyy Moore,WR,1,1,1.0,1,0
401772833,2025-09-14,2025,New Orleans Saints,home,San Francisco 49ers,4032473,Rashid Shaheed,WR,2,23,11.5,19,0
401772830,2025-09-07,2025,Tampa Bay Buccaneers,away,Atlanta Falcons,5097554,Kameron Johnson,WR,1,54,54.0,54,0
401772830,2025-09-07,2025,Atlanta Falcons,home,Tampa Bay Buccaneers,3061612,Jamal Agnew,WR,2,29,14.5,17,0
401772918,2025-09-08,2025,Baltimore Ravens,away,Buffalo Bills,4690143,LaJohntay Wester,WR,1,6,6.0,6,0
401772918,2025-09-08,2025,Buffalo Bills,home,Baltimore Ravens,4576069,Brandon Codrington,CB,1,0,0.0,0,0
401772832,2025-09-07,2025,Tennessee Titans,away,Denver Broncos,4431268,Chimere Dike,WR,1,12,12.0,12,0
401772832,2025-09-07,2025,Denver Broncos,home,Tennessee Titans,4686472,Marvin Mims Jr.,WR,4,47,11.8,18,0
401772919,2025-09-15,2025,Minnesota Vikings,home,Atlanta Falcons,4430656,Myles Price,WR,3,6,2.0,6,0
401772724,2025-09-14,2025,Los Angeles Rams,away,Tennessee Titans,4386544,Xavier Smith,WR,2,14,7.0,14,0
401772724,2025-09-14,2025,Tennessee Titans,home,Los Angeles Rams,4431268,Chimere Dike,WR,2,37,18.5,21,0
401772728,2025-09-14,2025,New England Patriots,away,Miami Dolphins,4241720,Marcus Jones,CB,1,8,8.0,8,0
401772728,2025-09-14,2025,Miami Dolphins,home,New England Patriots,4569603,Malik Washington,WR,1,74,74.0,74,1
401772728,2025-09-14,2025,Miami Dolphins,home,New England Patriots,3116406,Tyreek Hill,WR,1,19,19.0,19,0
401772734,2025-09-21,2025,Houston Texans,away,Jacksonville Jaguars,4586312,Jaylin Noel,WR,2,11,5.5,11,0
401772734,2025-09-21,2025,Jacksonville Jaguars,home,Houston Texans,4432620,Parker Washington,WR,2,17,8.5,13,0
401772715,2025-09-15,2025,Tampa Bay Buccaneers,away,Houston Texans,5097554,Kameron Johnson,WR,1,6,6.0,6,0
401772715,2025-09-15,2025,Houston Texans,home,Tampa Bay Buccaneers,4586312,Jaylin Noel,WR,3,67,22.3,53,0
401772829,2025-09-07,2025,Cincinnati Bengals,away,Cleveland Browns,4257188,Charlie Jones,WR,1,23,23.0,23,0
401772829,2025-09-07,2025,Cleveland Browns,home,Cincinnati Bengals,2580216,DeAndre Carter,WR,3,41,13.7,15,0
401772834,2025-09-14,2025,New York Giants,away,Dallas Cowboys,4424106,Gunner Olszewski,WR,3,38,12.7,21,0
401772834,2025-09-14,2025,Dallas Cowboys,home,New York Giants,3676833,KaVontae Turpin,WR,1,2,2.0,2,0
401772841,2025-09-21,2025,Las Vegas Raiders,away,Washington Commanders,4428718,Tre Tucker,WR,2,10,5.0,5,0
401772841,2025-09-21,2025,Washington Commanders,home,Las Vegas Raiders,4602667,Jaylin Lane,WR,5,127,25.4,90,1
401772720,2025-09-07,2025,Las Vegas Raiders,away,New England Patriots,4428718,Tre Tucker,WR,1,13,13.0,13,0
401772720,2025-09-07,2025,New England Patriots,home,Las Vegas Raiders,4241720,Marcus Jones,CB,2,16,8.0,9,0
401772839,2025-09-21,2025,Los Angeles Rams,away,Philadelphia Eagles,4386544,Xavier Smith,WR,4,53,13.3,20,0
401772725,2025-09-14,2025,Jacksonville Jaguars,away,Cincinnati Bengals,4432620,Parker Washington,WR,2,19,9.5,15,0
401772725,2025-09-14,2025,Cincinnati Bengals,home,Jacksonville Jaguars,4257188,Charlie Jones,WR,1,11,11.0,11,0
401772937,2025-09-19,2025,Miami Dolphins,away,Buffalo Bills,4569603,Malik Washington,WR,2,22,11.0,11,0
401772937,2025-09-19,2025,Buffalo Bills,home,Miami Dolphins,4576069,Brandon Codrington,CB,2,15,7.5,15,0
401772726,2025-09-14,2025,Cleveland Browns,away,Baltimore Ravens,4808839,Isaiah Bond,WR,1,0,0.0,0,0
401772726,2025-09-14,2025,Baltimore Ravens,home,Cleveland Browns,4690143,LaJohntay Wester,WR,1,23,23.0,23,0
401772835,2025-09-14,2025,Chicago Bears,away,Detroit Lions,4039050,Devin Duvernay,WR,2,16,8.0,10,0
401772835,2025-09-14,2025,Detroit Lions,home,Chicago Bears,2973405,Kalif Raymond,WR,3,19,6.3,16,0
401772810,2025-09-09,2025,Minnesota Vikings,away,Chicago Bears,4430656,Myles Price,WR,4,68,17.0,22,0
401772810,2025-09-09,2025,Chicago Bears,home,Minnesota Vikings,4039050,Devin Duvernay,WR,4,37,9.3,22,0
401772727,2025-09-14,2025,Buffalo Bills,away,New York Jets,4576069,Brandon Codrington,CB,4,22,5.5,9,0
401772727,2025-09-14,2025,New York Jets,home,Buffalo Bills,4569371,Isaiah Williams,WR,1,11,11.0,11,0
401772729,2025-09-14,2025,Indianapolis Colts,home,Denver Broncos,4429684,Anthony Gould,WR,2,4,2.0,4,0
401772837,2025-09-14,2025,Philadelphia Eagles,away,Kansas City Chiefs,4361409,Jahan Dotson,WR,1,14,14.0,14,0
401772837,2025-09-14,2025,Kansas City Chiefs,home,Philadelphia Eagles,4372716,Nikko Remigio,WR,2,42,21.0,25,0
401772920,2025-09-22,2025,Kansas City Chiefs,away,New York Giants,4372716,Nikko Remigio,WR,1,4,4.0,4,0
401772920,2025-09-22,2025,New York Giants,home,Kansas City Chiefs,4424106,Gunner Olszewski,WR,2,17,8.5,9,0
401772737,2025-09-28,2025,Los Angeles Chargers,away,New York Giants,4432571,Tarheeb Still,CB,4,25,6.3,11,0
401772737,2025-09-28,2025,New York Giants,home,Los Angeles Chargers,4424106,Gunner Olszewski,WR,2,14,7.0,14,0
401772844,2025-09-21,2025,Dallas Cowboys,away,Chicago Bears,3676833,KaVontae Turpin,WR,2,28,14.0,19,0
401772844,2025-09-21,2025,Chicago Bears,home,Dallas Cowboys,4039050,Devin Duvernay,WR,2,31,15.5,19,0
401772842,2025-09-21,2025,Green Bay Packers,away,Cleveland Browns,4701936,Matthew Golden,WR,2,8,4.0,5,0
401772842,2025-09-21,2025,Cleveland Browns,home,Green Bay Packers,2580216,DeAndre Carter,WR,2,15,7.5,12,0
401772732,2025-09-21,2025,New England Patriots,home,Pittsburgh Steelers,4241720,Marcus Jones,CB,1,11,11.0,11,0
401772811,2025-09-16,2025,Los Angeles Chargers,away,Las Vegas Raiders,4362477,Derius Davis,WR,1,7,7.0,7,0
401772811,2025-09-16,2025,Las Vegas Raiders,home,Los Angeles Chargers,4428718,Tre Tucker,WR,1,15,15.0,15,0
401772738,2025-09-28,2025,Houston Texans,home,Tennessee Titans,4586312,Jaylin Noel,WR,3,15,5.0,15,0
401772812,2025-09-23,2025,Detroit Lions,away,Baltimore Ravens,2973405,Kalif Raymond,WR,1,0,0.0,0,0
401772812,2025-09-23,2025,Baltimore Ravens,home,Detroit Lions,4690143,LaJohntay Wester,WR,3,31,10.3,11,0
401772739,2025-09-28,2025,Washington Commanders,away,Atlanta Falcons,4602667,Jaylin Lane,WR,2,0,0.0,0,0
401772739,2025-09-28,2025,Atlanta Falcons,home,Washington Commanders,3050916,Mike Ford Jr.,CB,1,0,0.0,0,0
401772730,2025-09-14,2025,Carolina Panthers,away,Arizona Cardinals,4685350,Trevor Etienne,RB,1,12,12.0,12,0
401772730,2025-09-14,2025,Arizona Cardinals,home,Carolina Panthers,4037235,Greg Dortch,WR,1,29,29.0,29,0
401772735,2025-09-21,2025,Denver Broncos,away,Los Angeles Chargers,4686472,Marvin Mims Jr.,WR,2,56,28.0,32,0
401772735,2025-09-21,2025,Los Angeles Chargers,home,Denver Broncos,4362477,Derius Davis,WR,2,40,20.0,33,0
401772735,2025-09-21,2025,Los Angeles Chargers,home,Denver Broncos,4612826,Ladd McConkey,WR,1,10,10.0,10,0
401772736,2025-09-21,2025,New Orleans Saints,away,Seattle Seahawks,4032473,Rashid Shaheed,WR,1,40,40.0,40,0
401772736,2025-09-21,2025,Seattle Seahawks,home,New Orleans Saints,4597703,Tory Horton,WR,3,114,38.0,95,1
401772847,2025-09-28,2025,Carolina Panthers,away,New England Patriots,3135321,Hunter Renfrow,WR,1,13,13.0,13,0
401772847,2025-09-28,2025,Carolina Panthers,away,New England Patriots,4685350,Trevor Etienne,RB,2,6,3.0,8,0
401772847,2025-09-28,2025,New England Patriots,home,Carolina Panthers,4241720,Marcus Jones,CB,3,167,55.7,87,1
401772848,2025-09-28,2025,Jacksonville Jaguars,away,San Francisco 49ers,4432620,Parker Washington,WR,1,87,87.0,87,1
401772848,2025-09-28,2025,San Francisco 49ers,home,Jacksonville Jaguars,4430191,Skyy Moore,WR,1,16,16.0,16,0
401772938,2025-09-26,2025,Seattle Seahawks,away,Arizona Cardinals,4597703,Tory Horton,WR,2,10,5.0,8,0
401772938,2025-09-26,2025,Arizona Cardinals,home,Seattle Seahawks,4037235,Greg Dortch,WR,1,15,15.0,15,0
401772846,2025-09-28,2025,Cleveland Browns,away,Detroit Lions,2580216,DeAndre Carter,WR,1,0,0.0,0,0
401772846,2025-09-28,2025,Detroit Lions,home,Cleveland Browns,2973405,Kalif Raymond,WR,5,76,15.2,65,1
401772840,2025-09-21,2025,Tampa Bay Buccaneers,home,New York Jets,5097554,Kameron Johnson,WR,2,-1,-0.5,0,0
401772632,2025-09-28,2025,Minnesota Vikings,away,Pittsburgh Steelers,4430656,Myles Price,WR,2,13,6.5,13,0
401772632,2025-09-28,2025,Pittsburgh Steelers,home,Minnesota Vikings,4243389,Calvin Austin III,WR,2,9,4.5,12,0
401772921,2025-09-29,2025,Green Bay Packers,away,Dallas Cowboys,4701936,Matthew Golden,WR,2,11,5.5,9,0
401772921,2025-09-29,2025,Green Bay Packers,away,Dallas Cowboys,4361432,Romeo Doubs,WR,1,5,5.0,5,0
401772716,2025-09-30,2025,Cincinnati Bengals,away,Denver Broncos,4257188,Charlie Jones,WR,1,16,16.0,16,0
401772716,2025-09-30,2025,Denver Broncos,home,Cincinnati Bengals,4686472,Marvin Mims Jr.,WR,3,24,8.0,13,0
401772740,2025-09-28,2025,New Orleans Saints,away,Buffalo Bills,4032473,Rashid Shaheed,WR,1,10,10.0,10,0
401772740,2025-09-28,2025,Buffalo Bills,home,New Orleans Saints,4373678,Khalil Shakir,WR,1,6,6.0,6,0
401772843,2025-09-21,2025,Arizona Cardinals,away,San Francisco 49ers,4037235,Greg Dortch,WR,1,8,8.0,8,0
401772843,2025-09-21,2025,San Francisco 49ers,home,Arizona Cardinals,4430191,Skyy Moore,WR,3,26,8.7,14,0
401772838,2025-09-21,2025,Atlanta Falcons,away,Carolina Panthers,3728262,Ray-Ray McCloud III,WR,2,0,0.0,0,0
401772838,2025-09-21,2025,Carolina Panthers,home,Atlanta Falcons,4685350,Trevor Etienne,RB,1,0,0.0,0,0
401772745,2025-10-05,2025,Denver Broncos,away,Philadelphia Eagles,4686472,Marvin Mims Jr.,WR,4,42,10.5,23,0
401772745,2025-10-05,2025,Philadelphia Eagles,home,Denver Broncos,4361409,Jahan Dotson,WR,1,15,15.0,15,0
401772814,2025-10-07,2025,Kansas City Chiefs,away,Jacksonville Jaguars,4372716,Nikko Remigio,WR,2,2,1.0,2,0
401772814,2025-10-07,2025,Jacksonville Jaguars,home,Kansas City Chiefs,4432620,Parker Washington,WR,1,-1,-1.0,-1,0
401772922,2025-10-06,2025,New England Patriots,away,Buffalo Bills,4241720,Marcus Jones,CB,1,0,0.0,0,0
401772845,2025-09-28,2025,Philadelphia Eagles,away,Tampa Bay Buccaneers,4361409,Jahan Dotson,WR,1,3,3.0,3,0
401772845,2025-09-28,2025,Tampa Bay Buccaneers,home,Philadelphia Eagles,5097554,Kameron Johnson,WR,6,100,16.7,46,0
401772747,2025-10-05,2025,Tennessee Titans,away,Arizona Cardinals,4431268,Chimere Dike,WR,3,33,11.0,17,0
401772747,2025-10-05,2025,Arizona Cardinals,home,Tennessee Titans,4037235,Greg Dortch,WR,2,16,8.0,10,0
401772854,2025-10-05,2025,Detroit Lions,away,Cincinnati Bengals,2973405,Kalif Raymond,WR,1,11,11.0,11,0
401772854,2025-10-05,2025,Cincinnati Bengals,home,Detroit Lions,4257188,Charlie Jones,WR,1,6,6.0,6,0
401772849,2025-09-28,2025,Indianapolis Colts,away,Los Angeles Rams,4429684,Anthony Gould,WR,2,31,15.5,16,0
401772849,2025-09-28,2025,Los Angeles Rams,home,Indianapolis Colts,4386544,Xavier Smith,WR,1,0,0.0,0,0
401772743,2025-10-05,2025,Houston Texans,away,Baltimore Ravens,4586312,Jaylin Noel,WR,1,12,12.0,12,0
401772743,2025-10-05,2025,Baltimore Ravens,home,Houston Texans,4690143,LaJohntay Wester,WR,1,16,16.0,16,0
401772742,2025-09-28,2025,Chicago Bears,away,Las Vegas Raiders,4039050,Devin Duvernay,WR,1,19,19.0,19,0
401772742,2025-09-28,2025,Las Vegas Raiders,home,Chicago Bears,4428718,Tre Tucker,WR,1,7,7.0,7,0
401772741,2025-09-28,2025,Kansas City Chiefs,home,Baltimore Ravens,4372716,Nikko Remigio,WR,1,15,15.0,15,0
401772813,2025-09-29,2025,New York Jets,away,Miami Dolphins,4569371,Isaiah Williams,WR,1,18,18.0,18,0
401772939,2025-10-03,2025,San Francisco 49ers,away,Los Angeles Rams,4430191,Skyy Moore,WR,1,0,0.0,0,0
401772939,2025-10-03,2025,Los Angeles Rams,home,San Francisco 49ers,4386544,Xavier Smith,WR,3,21,7.0,13,0
401772859,2025-10-12,2025,Las Vegas Raiders,home,Tennessee Titans,3919510,Alex Bachman,WR,3,47,15.7,25,0
401772815,2025-10-13,2025,Buffalo Bills,away,Atlanta Falcons,4576069,Brandon Codrington,CB,3,21,7.0,11,0
401772815,2025-10-13,2025,Atlanta Falcons,home,Buffalo Bills,3061612,Jamal Agnew,WR,1,10,10.0,10,0
401772633,2025-10-05,2025,Minnesota Vikings,away,Cleveland Browns,4430656,Myles Price,WR,3,15,5.0,12,0
401772633,2025-10-05,2025,Cleveland Browns,home,Minnesota Vikings,4877203,Gage Larvadain,WR,3,31,10.3,16,0
401772852,2025-10-05,2025,Miami Dolphins,away,Carolina Panthers,4569603,Malik Washington,WR,3,29,9.7,15,0
401772634,2025-10-12,2025,Denver Broncos,away,New York Jets,4686472,Marvin Mims Jr.,WR,2,11,5.5,6,0
401772634,2025-10-12,2025,New York Jets,home,Denver Broncos,4569371,Isaiah Williams,WR,4,32,8.0,13,0
401772858,2025-10-12,2025,Dallas Cowboys,away,Carolina Panthers,4426990,Jalen Cropper,WR,2,19,9.5,10,0
401772858,2025-10-12,2025,Carolina Panthers,home,Dallas Cowboys,3135321,Hunter Renfrow,WR,1,0,0.0,0,0
401772717,2025-10-14,2025,Washington Commanders,home,Chicago Bears,4602667,Jaylin Lane,WR,1,9,9.0,9,0
401772850,2025-10-05,2025,Dallas Cowboys,away,New York Jets,4426990,Jalen Cropper,WR,1,8,8.0,8,0
401772850,2025-10-05,2025,New York Jets,home,Dallas Cowboys,4048259,Avery Williams,CB,4,41,10.3,17,0
401772856,2025-10-12,2025,Arizona Cardinals,away,Indianapolis Colts,4037235,Greg Dortch,WR,1,12,12.0,12,0
401772856,2025-10-12,2025,Indianapolis Colts,home,Arizona Cardinals,4429684,Anthony Gould,WR,1,0,0.0,0,0
401772751,2025-10-12,2025,New England Patriots,away,New Orleans Saints,4241720,Marcus Jones,CB,1,6,6.0,6,0
401772751,2025-10-12,2025,New Orleans Saints,home,New England Patriots,4032473,Rashid Shaheed,WR,2,21,10.5,12,0
401772749,2025-10-12,2025,San Francisco 49ers,away,Tampa Bay Buccaneers,4430191,Skyy Moore,WR,2,25,12.5,13,0
401772749,2025-10-12,2025,Tampa Bay Buccaneers,home,San Francisco 49ers,5097554,Kameron Johnson,WR,1,6,6.0,6,0
401772750,2025-10-12,2025,Los Angeles Chargers,away,Miami Dolphins,4432571,Tarheeb Still,CB,1,11,11.0,11,0
401772750,2025-10-12,2025,Los Angeles Chargers,away,Miami Dolphins,4427404,Cam Hart,CB,1,0,0.0,0,0
401772750,2025-10-12,2025,Miami Dolphins,home,Los Angeles Chargers,4569603,Malik Washington,WR,1,8,8.0,8,0
401772731,2025-09-21,2025,Cincinnati Bengals,away,Minnesota Vikings,4257188,Charlie Jones,WR,1,9,9.0,9,0
401772731,2025-09-21,2025,Minnesota Vikings,home,Cincinnati Bengals,4430656,Myles Price,WR,5,68,13.6,29,0
401772851,2025-10-05,2025,Las Vegas Raiders,away,Indianapolis Colts,3919510,Alex Bachman,WR,1,8,8.0,8,0
401772635,2025-10-19,2025,Los Angeles Rams,away,Jacksonville Jaguars,4386544,Xavier Smith,WR,3,17,5.7,13,0
401772635,2025-10-19,2025,Jacksonville Jaguars,home,Los Angeles Rams,4432620,Parker Washington,WR,2,19,9.5,17,0
401772861,2025-10-19,2025,Chicago Bears,home,New Orleans Saints,4039050,Devin Duvernay,WR,2,18,9.0,10,0
401772857,2025-10-12,2025,Seattle Seahawks,away,Jacksonville Jaguars,4597703,Tory Horton,WR,3,5,1.7,6,0
401772857,2025-10-12,2025,Jacksonville Jaguars,home,Seattle Seahawks,4432620,Parker Washington,WR,4,24,6.0,10,0
401772923,2025-10-13,2025,Kansas City Chiefs,home,Detroit Lions,4372716,Nikko Remigio,WR,1,21,21.0,21,0
401772748,2025-10-12,2025,Cleveland Browns,away,Pittsburgh Steelers,4808839,Isaiah Bond,WR,1,9,9.0,9,0
401772748,2025-10-12,2025,Pittsburgh Steelers,home,Cleveland Browns,4570738,Ke'Shawn Williams,WR,3,30,10.0,15,0
401772941,2025-10-17,2025,Pittsburgh Steelers,away,Cincinnati Bengals,4570738,Ke'Shawn Williams,WR,2,27,13.5,17,0
401772752,2025-10-12,2025,Cincinnati Bengals,away,Green Bay Packers,4257188,Charlie Jones,WR,1,13,13.0,13,0
401772752,2025-10-12,2025,Green Bay Packers,home,Cincinnati Bengals,4361432,Romeo Doubs,WR,2,14,7.0,9,0
401772826,2025-10-21,2025,Houston Texans,away,Seattle Seahawks,3123075,Braxton Berrios,WR,3,25,8.3,10,0
401772826,2025-10-21,2025,Seattle Seahawks,home,Houston Texans,4597703,Tory Horton,WR,5,67,13.4,19,0
401772862,2025-10-19,2025,Minnesota Vikings,home,Philadelphia Eagles,4430656,Myles Price,WR,1,6,6.0,6,0
401772755,2025-10-19,2025,Tennessee Titans,home,New England Patriots,4431268,Chimere Dike,WR,1,15,15.0,15,0
401772753,2025-10-19,2025,Las Vegas Raiders,away,Kansas City Chiefs,3919510,Alex Bachman,WR,1,6,6.0,6,0
401772753,2025-10-19,2025,Kansas City Chiefs,home,Las Vegas Raiders,4372716,Nikko Remigio,WR,3,15,5.0,11,0
401772940,2025-10-10,2025,Philadelphia Eagles,away,New York Giants,4361409,Jahan Dotson,WR,2,16,8.0,9,0
401772940,2025-10-10,2025,New York Giants,home,Philadelphia Eagles,4424106,Gunner Olszewski,WR,3,28,9.3,15,0
401772863,2025-10-19,2025,Arizona Cardinals,home,Green Bay Packers,4037235,Greg Dortch,WR,1,13,13.0,13,0
401772869,2025-10-26,2025,Tampa Bay Buccaneers,away,New Orleans Saints,5097554,Kameron Johnson,WR,1,8,8.0,8,0
401772869,2025-10-26,2025,New Orleans Saints,home,Tampa Bay Buccaneers,4032473,Rashid Shaheed,WR,1,8,8.0,8,0
401772864,2025-10-19,2025,Washington Commanders,away,Dallas Cowboys,4602667,Jaylin Lane,WR,1,8,8.0,8,0
401772864,2025-10-19,2025,Dallas Cowboys,home,Washington Commanders,3676833,KaVontae Turpin,WR,2,4,2.0,4,0
401772758,2025-10-26,2025,New York Jets,away,Cincinnati Bengals,4569371,Isaiah Williams,WR,3,38,12.7,21,0
401772866,2025-10-26,2025,Houston Texans,home,San Francisco 49ers,4586312,Jaylin Noel,WR,2,11,5.5,14,0
401772855,2025-10-12,2025,Baltimore Ravens,home,Los Angeles Rams,4690143,LaJohntay Wester,WR,1,35,35.0,35,0
401772759,2025-10-26,2025,Chicago Bears,away,Baltimore Ravens,4039050,Devin Duvernay,WR,1,8,8.0,8,0
401772860,2025-10-19,2025,Carolina Panthers,away,New York Jets,4685350,Trevor Etienne,RB,3,35,11.7,15,0
401772860,2025-10-19,2025,New York Jets,home,Carolina Panthers,4569371,Isaiah Williams,WR,2,14,7.0,14,0
401772754,2025-10-19,2025,Miami Dolphins,away,Cleveland Browns,4569603,Malik Washington,WR,1,11,11.0,11,0
401772754,2025-10-19,2025,Cleveland Browns,home,Miami Dolphins,4877203,Gage Larvadain,WR,2,7,3.5,7,0
401772867,2025-10-26,2025,Philadelphia Eagles,home,New York Giants,4427278,Xavier Gipson,WR,1,17,17.0,17,0
401772817,2025-10-28,2025,Washington Commanders,away,Kansas City Chiefs,4602667,Jaylin Lane,WR,1,14,14.0,14,0
401772817,2025-10-28,2025,Kansas City Chiefs,home,Washington Commanders,4372716,Nikko Remigio,WR,2,13,6.5,11,0
401772760,2025-10-26,2025,Miami Dolphins,away,Atlanta Falcons,4569603,Malik Washington,WR,2,9,4.5,9,0
401772760,2025-10-26,2025,Atlanta Falcons,home,Miami Dolphins,3061612,Jamal Agnew,WR,2,11,5.5,11,0
401772756,2025-10-19,2025,Los Angeles Chargers,home,Indianapolis Colts,4362477,Derius Davis,WR,1,-3,-3.0,-3,0
401772924,2025-10-20,2025,Atlanta Falcons,away,San Francisco 49ers,3061612,Jamal Agnew,WR,2,18,9.0,13,0
401772924,2025-10-20,2025,San Francisco 49ers,home,Atlanta Falcons,4430191,Skyy Moore,WR,1,8,8.0,8,0
401772942,2025-10-24,2025,Los Angeles Chargers,home,Minnesota Vikings,4362477,Derius Davis,WR,1,0,0.0,0,0
401772871,2025-11-02,2025,Minnesota Vikings,away,Detroit Lions,4430656,Myles Price,WR,1,7,7.0,7,0
401772871,2025-11-02,2025,Detroit Lions,home,Minnesota Vikings,2973405,Kalif Raymond,WR,2,15,7.5,13,0
401772762,2025-10-26,2025,Denver Broncos,home,Dallas Cowboys,4686472,Marvin Mims Jr.,WR,2,26,13.0,13,0
401772874,2025-11-02,2025,New Orleans Saints,away,Los Angeles Rams,4032473,Rashid Shaheed,WR,1,9,9.0,9,0
401772874,2025-11-02,2025,Los Angeles Rams,home,New Orleans Saints,4386544,Xavier Smith,WR,2,11,5.5,11,0
401772868,2025-10-26,2025,Cleveland Browns,away,New England Patriots,4877203,Gage Larvadain,WR,1,7,7.0,7,0
401772868,2025-10-26,2025,New England Patriots,home,Cleveland Browns,4241720,Marcus Jones,CB,1,8,8.0,8,0
401772768,2025-11-02,2025,Kansas City Chiefs,away,Buffalo Bills,4372716,Nikko Remigio,WR,1,5,5.0,5,0
401772768,2025-11-02,2025,Buffalo Bills,home,Kansas City Chiefs,4373678,Khalil Shakir,WR,2,14,7.0,11,0
401772925,2025-10-27,2025,Green Bay Packers,away,Pittsburgh Steelers,4361432,Romeo Doubs,WR,3,17,5.7,11,0
401772925,2025-10-27,2025,Green Bay Packers,away,Pittsburgh Steelers,4259493,Keisean Nixon,CB,1,0,0.0,0,0
401772925,2025-10-27,2025,Pittsburgh Steelers,home,Green Bay Packers,4570738,Ke'Shawn Williams,WR,2,21,10.5,16,0
401772767,2025-11-02,2025,San Francisco 49ers,away,New York Giants,4430191,Skyy Moore,WR,3,34,11.3,14,0
401772757,2025-10-19,2025,New York Giants,away,Denver Broncos,4424106,Gunner Olszewski,WR,3,28,9.3,13,0
401772757,2025-10-19,2025,Denver Broncos,home,New York Giants,4686472,Marvin Mims Jr.,WR,2,29,14.5,17,0
401772766,2025-11-02,2025,Indianapolis Colts,away,Pittsburgh Steelers,4688813,Josh Downs,WR,3,23,7.7,12,0
401772766,2025-11-02,2025,Pittsburgh Steelers,home,Indianapolis Colts,4570738,Ke'Shawn Williams,WR,2,23,11.5,15,0
401772872,2025-11-02,2025,Green Bay Packers,home,Carolina Panthers,4361432,Romeo Doubs,WR,2,6,3.0,6,0
401772870,2025-11-02,2025,Denver Broncos,away,Houston Texans,4034704,Michael Bandy,WR,4,30,7.5,12,0
401772870,2025-11-02,2025,Houston Texans,home,Denver Broncos,4586312,Jaylin Noel,WR,4,62,15.5,45,0
401772764,2025-11-02,2025,Los Angeles Chargers,away,Tennessee Titans,4362477,Derius Davis,WR,2,9,4.5,6,0
401772764,2025-11-02,2025,Tennessee Titans,home,Los Angeles Chargers,4431268,Chimere Dike,WR,3,98,32.7,67,1
401772816,2025-10-20,2025,Tampa Bay Buccaneers,away,Detroit Lions,5097554,Kameron Johnson,WR,3,34,11.3,13,0
401772765,2025-11-02,2025,Cincinnati Bengals,home,Chicago Bears,4257188,Charlie Jones,WR,2,12,6.0,10,0
401772772,2025-11-09,2025,New England Patriots,away,Tampa Bay Buccaneers,4241720,Marcus Jones,CB,3,3,1.0,2,0
401772772,2025-11-09,2025,Tampa Bay Buccaneers,home,New England Patriots,5097554,Kameron Johnson,WR,2,12,6.0,7,0
401772877,2025-11-09,2025,New Orleans Saints,away,Carolina Panthers,3127306,Dante Pettis,WR,2,8,4.0,7,0
401772877,2025-11-09,2025,Carolina Panthers,home,New Orleans Saints,4685350,Trevor Etienne,RB,2,15,7.5,10,0
401772761,2025-10-26,2025,Indianapolis Colts,home,Tennessee Titans,4429684,Anthony Gould,WR,2,33,16.5,20,0
401772865,2025-10-26,2025,Buffalo Bills,away,Carolina Panthers,4373678,Khalil Shakir,WR,2,8,4.0,4,0
401772865,2025-10-26,2025,Buffalo Bills,away,Carolina Panthers,4635008,Keon Coleman,WR,1,6,6.0,6,0
401772865,2025-10-26,2025,Carolina Panthers,home,Buffalo Bills,4685350,Trevor Etienne,RB,2,13,6.5,7,0
401772875,2025-11-09,2025,Chicago Bears,home,New York Giants,4039050,Devin Duvernay,WR,1,13,13.0,13,0
401772763,2025-11-02,2025,Atlanta Falcons,away,New England Patriots,3061612,Jamal Agnew,WR,2,28,14.0,15,0
401772763,2025-11-02,2025,New England Patriots,home,Atlanta Falcons,4241720,Marcus Jones,CB,2,15,7.5,13,0
401772944,2025-11-07,2025,Las Vegas Raiders,away,Denver Broncos,3919510,Alex Bachman,WR,3,2,0.7,2,0
401772944,2025-11-07,2025,Denver Broncos,home,Las Vegas Raiders,4034704,Michael Bandy,WR,1,-1,-1.0,-1,0
401772818,2025-11-04,2025,Arizona Cardinals,away,Dallas Cowboys,4037235,Greg Dortch,WR,1,5,5.0,5,0
401772818,2025-11-04,2025,Dallas Cowboys,home,Arizona Cardinals,3676833,KaVontae Turpin,WR,1,6,6.0,6,0
401772630,2025-11-11,2025,Philadelphia Eagles,away,Green Bay Packers,4427278,Xavier Gipson,WR,2,31,15.5,18,0
401772630,2025-11-11,2025,Green Bay Packers,home,Philadelphia Eagles,4361432,Romeo Doubs,WR,2,22,11.0,12,0
401772636,2025-11-09,2025,Indianapolis Colts,home,Atlanta Falcons,4688813,Josh Downs,WR,3,32,10.7,24,0
401772927,2025-11-10,2025,Pittsburgh Steelers,away,Los Angeles Chargers,4570738,Ke'Shawn Williams,WR,2,11,5.5,11,0
401772927,2025-11-10,2025,Los Angeles Chargers,home,Pittsburgh Steelers,4362477,Derius Davis,WR,1,5,5.0,5,0
401772770,2025-11-09,2025,Jacksonville Jaguars,away,Houston Texans,4432620,Parker Washington,WR,2,90,45.0,73,1
401772770,2025-11-09,2025,Houston Texans,home,Jacksonville Jaguars,4586312,Jaylin Noel,WR,1,8,8.0,8,0
401772876,2025-11-09,2025,Baltimore Ravens,away,Minnesota Vikings,4690143,LaJohntay Wester,WR,1,19,19.0,19,0
401772876,2025-11-09,2025,Minnesota Vikings,home,Baltimore Ravens,4430656,Myles Price,WR,3,5,1.7,5,0
401772943,2025-10-31,2025,Baltimore Ravens,away,Miami Dolphins,4690143,LaJohntay Wester,WR,1,17,17.0,17,0
401772943,2025-10-31,2025,Miami Dolphins,home,Baltimore Ravens,4569603,Malik Washington,WR,2,38,19.0,35,0
401772880,2025-11-16,2025,Chicago Bears,away,Minnesota Vikings,4039050,Devin Duvernay,WR,1,5,5.0,5,0
401772880,2025-11-16,2025,Minnesota Vikings,home,Chicago Bears,4430656,Myles Price,WR,2,36,18.0,18,0
401772771,2025-11-09,2025,Buffalo Bills,away,Miami Dolphins,4373678,Khalil Shakir,WR,1,7,7.0,7,0
401772771,2025-11-09,2025,Miami Dolphins,home,Buffalo Bills,4569603,Malik Washington,WR,1,13,13.0,13,0
401772769,2025-11-09,2025,Cleveland Browns,away,New York Jets,4877203,Gage Larvadain,WR,1,15,15.0,15,0
401772769,2025-11-09,2025,New York Jets,home,Cleveland Browns,4569371,Isaiah Williams,WR,5,126,25.2,74,1
401772926,2025-11-03,2025,Washington Commanders,home,Seattle Seahawks,4602667,Jaylin Lane,WR,2,15,7.5,12,0
401772873,2025-11-02,2025,Jacksonville Jaguars,away,Las Vegas Raiders,4432620,Parker Washington,WR,1,4,4.0,4,0
401772878,2025-11-09,2025,Detroit Lions,away,Washington Commanders,2973405,Kalif Raymond,WR,3,3,1.0,5,0
401772945,2025-11-14,2025,New York Jets,away,New England Patriots,4569371,Isaiah Williams,WR,3,18,6.0,19,0
401772881,2025-11-16,2025,Houston Texans,away,Tennessee Titans,4586312,Jaylin Noel,WR,3,4,1.3,2,0
401772881,2025-11-16,2025,Tennessee Titans,home,Houston Texans,4431268,Chimere Dike,WR,1,0,0.0,0,0
401772883,2025-11-16,2025,Green Bay Packers,away,New York Giants,4361432,Romeo Doubs,WR,1,0,0.0,0,0
401772883,2025-11-16,2025,New York Giants,home,Green Bay Packers,4424106,Gunner Olszewski,WR,1,0,0.0,0,0
401772879,2025-11-09,2025,Los Angeles Rams,away,San Francisco 49ers,4386544,Xavier Smith,WR,1,5,5.0,5,0
401772879,2025-11-09,2025,San Francisco 49ers,home,Los Angeles Rams,4430191,Skyy Moore,WR,1,27,27.0,27,0
401772774,2025-11-16,2025,Cincinnati Bengals,away,Pittsburgh Steelers,4257188,Charlie Jones,WR,1,4,4.0,4,0
401772774,2025-11-16,2025,Pittsburgh Steelers,home,Cincinnati Bengals,4243389,Calvin Austin III,WR,2,15,7.5,12,0
401772776,2025-11-16,2025,Buffalo Bills,home,Tampa Bay Buccaneers,4035004,Mecole Hardman,WR,1,0,0.0,0,0
401772882,2025-11-16,2025,Carolina Panthers,away,Atlanta Falcons,4685350,Trevor Etienne,RB,1,9,9.0,9,0
401772882,2025-11-16,2025,Atlanta Falcons,home,Carolina Panthers,3061612,Jamal Agnew,WR,1,0,0.0,0,0
401772631,2025-11-16,2025,Washington Commanders,away,Miami Dolphins,4428414,Mike Sainristil,CB,1,0,0.0,0,0
401772631,2025-11-16,2025,Washington Commanders,away,Miami Dolphins,4602667,Jaylin Lane,WR,1,0,0.0,0,0
401772631,2025-11-16,2025,Miami Dolphins,home,Washington Commanders,4569603,Malik Washington,WR,1,3,3.0,3,0
